0.002818, 0.001651, 0.005659, -0.048857, 0.020603, 0.998593, 0.468959, 1.117851, -0.001910

-0.001710, 0.002450, -0.001485, -0.044274, 0.015741, 0.998895, 0.644407, 1.682846, 0.004018

0.000820, -0.001412, -0.006892, -0.046682, 0.020524, 0.998699, 0.856783, 2.081491, 0.018933

0.001486, 0.001517, -0.005347, -0.055492, 0.013836, 0.998363, 0.830229, 2.519484, 0.024025

-0.001843, 0.002716, 0.002956, -0.047400, 0.021809, 0.998638, 1.000512, 2.595385, 0.028103

0.000287, 0.002582, -0.006313, -0.046616, 0.017531, 0.998759, 1.002533, 2.622898, 0.035383

0.000021, 0.000319, -0.000520, -0.049508, 0.017517, 0.998620, 1.003499, 2.708472, 0.036018

0.001353, -0.000214, -0.002258, -0.050752, 0.020576, 0.998499, 1.072865, 2.788934, 0.042006

0.003350, 0.004979, -0.000520, -0.046305, 0.015757, 0.998803, 1.001430, 2.729251, 0.039242

0.001619, -0.000480, 0.001990, -0.043716, 0.018537, 0.998872, 1.024158, 2.640351, 0.038127

-0.000512, 0.003648, 0.000832, -0.048019, 0.020660, 0.998633, 1.089108, 2.680978, 0.040089

-0.000379, 0.000185, -0.000520, -0.048942, 0.013671, 0.998708, 0.967626, 2.730484, 0.034925

-0.000512, 0.003381, -0.000906, -0.050244, 0.014754, 0.998628, 0.919781, 2.786390, 0.033566

-0.004906, 0.000052, 0.009134, -0.042159, 0.019699, 0.998917, 1.008903, 2.638445, 0.027057

-0.001044, 0.000186, 0.001025, -0.048339, 0.016777, 0.998690, 0.991446, 2.691161, 0.025014

-0.001577, -0.000613, 0.006624, -0.044680, 0.021500, 0.998770, 1.089599, 2.639874, 0.021924

-0.003841, -0.001945, -0.011912, -0.045343, 0.015766, 0.998847, 1.020506, 2.625440, 0.032224

0.000287, 0.001384, -0.003802, -0.049256, 0.020755, 0.998571, 1.088444, 2.702914, 0.039720

-0.000778, 0.000185, -0.000327, -0.044991, 0.020637, 0.998774, 1.127459, 2.652998, 0.041871

-0.003042, 0.000984, 0.002956, -0.045072, 0.014682, 0.998876, 1.016651, 2.624066, 0.033204

0.000554, 0.004713, 0.005273, -0.049958, 0.015672, 0.998628, 0.968709, 2.714577, 0.024870

-0.001843, -0.003943, -0.003223, -0.045023, 0.015666, 0.998863, 0.942919, 2.665408, 0.027325

0.000420, -0.000880, 0.005079, -0.045889, 0.019606, 0.998754, 1.014845, 2.652421, 0.024887

0.002018, -0.001679, -0.003416, -0.042846, 0.014604, 0.998975, 0.941785, 2.575561, 0.025606

-0.002110, -0.000480, -0.002644, -0.044282, 0.017749, 0.998861, 0.974818, 2.561041, 0.030013

-0.003974, -0.000880, 0.000252, -0.050748, 0.019583, 0.998519, 1.038843, 2.701198, 0.032477

0.002018, -0.000480, 0.000638, -0.048118, 0.017705, 0.998685, 1.027223, 2.724498, 0.031316

-0.002909, -0.000081, 0.005079, -0.049717, 0.037033, 0.998077, 1.469304, 2.774927, 0.046554

0.005081, 0.003115, 0.006045, -0.048543, 0.012579, 0.998742, 1.164068, 2.774569, 0.025051

-0.015026, -0.001679, -0.001485, -0.049211, 0.028215, 0.998390, 1.363245, 2.794936, 0.035634

-0.001044, 0.001917, -0.001292, -0.045801, 0.011628, 0.998883, 1.085970, 2.724843, 0.023651

0.000154, 0.000319, 0.007203, -0.050861, 0.018630, 0.998532, 1.078548, 2.800844, 0.015051

-0.002642, 0.002183, -0.002837, -0.049950, 0.013678, 0.998658, 0.964208, 2.823193, 0.012493

0.000420, 0.000585, 0.000445, -0.049222, 0.012742, 0.998707, 0.870412, 2.821810, 0.007377

0.001219, -0.000214, 0.002762, -0.051659, 0.011638, 0.998597, 0.787787, 2.877851, 0.000180

0.006280, -0.004209, 0.271730, -0.058616, 0.016890, 0.998138, 0.837040, 3.080099, -0.307790

0.000554, 0.001251, 0.371169, -0.050665, 0.013614, 0.998623, 0.791358, 3.014330, -0.734874

-0.000778, -0.001546, 0.416158, -0.044890, 0.024047, 0.998703, 1.003066, 2.847028, -1.200249

0.004282, -0.004875, 0.399745, -0.048807, 0.008667, 0.998771, 0.773063, 2.839934, -1.668757

0.000820, -0.001546, 0.622179, -0.041267, 0.013724, 0.999054, 0.743461, 2.661205, -2.382132

0.004149, 0.001917, 0.667941, -0.043883, 0.009643, 0.998990, 0.627297, 2.609725, -3.151795

0.011739, -0.001412, 0.736486, -0.043769, 0.032428, 0.998515, 1.068695, 2.583537, -3.974195

-0.003441, 0.004979, 0.800011, -0.044334, 0.005715, 0.999000, 0.734958, 2.575276, -4.905155

0.000953, -0.002744, 0.827043, -0.037031, -0.002391, 0.999311, 0.343755, 2.406180, -5.868756

0.002285, -0.004875, 0.734748, -0.041854, -0.012334, 0.999048, -0.114693, 2.410578, -6.729083

0.001220, 0.004180, 0.656742, -0.051097, -0.006271, 0.998674, -0.247092, 2.610759, -7.486718

-0.004640, 0.003515, 0.714860, -0.044174, -0.005345, 0.999010, -0.302615, 2.571213, -8.307764

-0.004107, 0.003381, 0.726252, -0.047745, -0.013242, 0.998772, -0.518467, 2.627550, -9.149117

0.001752, 0.006178, 0.678946, -0.055217, -0.004237, 0.998465, -0.447455, 2.829021, -9.922748

-0.000645, 0.001384, 0.795377, -0.059753, -0.034050, 0.997632, -1.096203, 3.054018, -10.866371

0.003484, 0.003781, 0.861026, -0.046221, -0.012366, 0.998855, -0.996434, 2.869773, -11.846001

-0.006370, 0.000585, 0.842876, -0.039146, -0.004388, 0.999224, -0.737279, 2.604037, -12.798490

-0.007036, 0.000585, 0.906787, -0.051208, -0.018330, 0.998520, -0.903270, 2.720991, -13.844501

0.002285, 0.001384, 0.929185, -0.039254, -0.044931, 0.998219, -1.624125, 2.507660, -14.940681

-0.001710, 0.000985, 0.953900, -0.045577, -0.038135, 0.998233, -1.895527, 2.514840, -16.044231

0.007878, -0.000480, 0.974367, -0.043516, -0.021183, 0.998828, -1.680928, 2.472286, -17.149374

-0.001710, -0.004741, 0.927640, -0.043582, -0.027189, 0.998680, -1.676134, 2.456818, -18.210960

-0.011830, -0.002078, 0.890954, -0.051810, 0.005707, 0.998641, -0.906958, 2.641757, -19.197001

-0.000645, 0.002849, 0.930343, -0.047739, -0.014238, 0.998758, -0.919468, 2.659314, -20.262388

-0.012629, -0.001146, 0.898484, -0.029987, -0.047706, 0.998411, -1.675830, 2.261261, -21.323915

0.011873, -0.005008, 0.864501, -0.018111, -0.049975, 0.998586, -2.199854, 1.744218, -22.331322

0.011473, 0.003914, 0.810051, -0.051134, -0.062625, 0.996726, -2.802507, 2.174030, -23.278503

-0.007835, -0.005407, 1.113195, -0.040811, -0.034373, 0.998575, -2.509677, 2.187124, -24.541191

-0.026478, -0.007937, 1.246423, -0.020213, 0.004383, 0.999786, -1.423990, 1.736259, -25.931517

-0.010765, -0.001279, 1.219005, -0.049688, -0.025168, 0.998448, -1.466978, 2.147202, -27.329193

0.015468, 0.001517, 1.374825, -0.031798, -0.030519, 0.999028, -1.654484, 1.972550, -28.909039

-0.022217, -0.006206, 1.343545, -0.020945, -0.019760, 0.999585, -1.468556, 1.628757, -30.442318

-0.004240, 0.001650, 1.549181, -0.035429, -0.056162, 0.997793, -2.216765, 1.730598, -32.238297

-0.005705, 0.001517, 1.269014, -0.031933, -0.053907, 0.998035, -2.603811, 1.707476, -33.702473

-0.042191, -0.004475, 1.228080, -0.045465, -0.061017, 0.997101, -2.960061, 2.003692, -35.120884

-0.023681, -0.004475, 1.164749, -0.014913, -0.059509, 0.998116, -3.154255, 1.477979, -36.460114

-0.015692, -0.003543, 1.192746, -0.023477, -0.047476, 0.998596, -2.997101, 1.355615, -37.821178

-0.014759, -0.006872, 1.186760, -0.025311, -0.040199, 0.998871, -2.735076, 1.333412, -39.173531

-0.016491, -0.006206, 1.255692, -0.038720, -0.051417, 0.997926, -2.839043, 1.624794, -40.613888

0.001486, -0.002611, 1.415180, -0.039423, -0.053198, 0.997805, -2.974268, 1.799388, -42.237064

-0.008501, -0.005274, 1.210896, -0.024352, -0.032275, 0.999182, -2.555669, 1.576979, -43.610394

-0.025279, -0.004741, 1.093307, -0.023654, -0.049762, 0.998481, -2.678631, 1.436577, -44.865784

-0.009167, -0.001146, 1.160501, -0.022513, -0.054623, 0.998253, -2.881393, 1.314775, -46.198944

-0.005704, -0.002611, 1.079791, -0.016287, -0.035322, 0.999243, -2.558206, 1.106463, -47.427879

-0.002509, -0.001146, 1.041367, -0.025174, -0.056975, 0.998058, -2.862758, 1.185787, -48.625996

-0.008900, 0.000452, 1.019935, -0.023253, -0.058151, 0.998037, -3.065424, 1.183497, -49.797421

0.016400, 0.006710, 1.037312, -0.019250, -0.054225, 0.998343, -3.125061, 1.079432, -50.984516

0.000687, 0.002849, 0.998116, -0.005170, -0.052416, 0.998612, -3.095415, 0.700831, -52.125717

-0.005838, 0.002849, 0.845000, -0.019219, -0.050160, 0.998556, -3.013566, 0.806149, -53.091362

-0.008101, -0.005008, 0.800976, -0.011239, -0.066571, 0.997718, -3.337790, 0.696168, -54.012539

-0.011963, -0.003277, 0.847510, -0.009125, -0.051140, 0.998650, -3.172316, 0.575434, -54.980545

-0.018222, -0.006472, 0.631254, -0.007306, -0.041633, 0.999106, -2.843637, 0.482162, -55.700348

-0.016491, -0.002744, 0.465201, -0.007233, -0.049517, 0.998747, -2.826873, 0.431847, -56.232937

-0.001843, 0.004979, 0.508838, -0.012295, -0.062642, 0.997960, -3.135440, 0.504873, -56.817558

-0.004240, -0.002744, 0.550545, -0.005123, -0.051223, 0.998674, -3.055803, 0.389410, -57.447060

-0.005438, -0.001412, 0.519072, -0.012186, -0.049233, 0.998713, -2.960654, 0.483347, -58.040421

-0.000511, -0.000347, 0.468291, -0.007234, -0.046486, 0.998893, -2.845858, 0.429021, -58.575420

-0.006370, -0.005274, 0.460760, -0.007280, -0.046622, 0.998886, -2.772967, 0.404408, -59.102570

0.005215, 0.000985, 0.570240, -0.003205, -0.044530, 0.999003, -2.694573, 0.283796, -59.754669

-0.005971, 0.002050, 0.450720, -0.012403, -0.050766, 0.998634, -2.777168, 0.427548, -60.271015

-0.003973, -0.006206, 0.485089, -0.006191, -0.055493, 0.998440, -2.938143, 0.377811, -60.827732

-0.000911, 0.000319, 0.228479, -0.002215, -0.048707, 0.998811, -2.880029, 0.263801, -61.088863

-0.002908, 0.000052, 0.226934, -0.009314, -0.038545, 0.999213, -2.609761, 0.359226, -61.347118

0.002818, 0.001917, 0.252035, -0.006194, -0.049429, 0.998758, -2.704160, 0.341919, -61.636086

-0.000911, 0.000985, 0.201640, -0.010284, -0.049539, 0.998719, -2.758889, 0.428704, -61.867210

-0.002509, 0.001784, 0.234851, -0.005149, -0.046277, 0.998915, -2.715292, 0.360335, -62.135632

0.005082, 0.003781, 0.272695, -0.001259, -0.042849, 0.999081, -2.618926, 0.226185, -62.447025

0.002951, 0.005778, 0.181366, -0.003294, -0.044880, 0.998987, -2.604428, 0.195128, -62.654266

-0.001710, -0.000347, 0.118420, -0.004260, -0.047739, 0.998851, -2.655688, 0.208883, -62.790039

0.001486, 0.001517, 0.177504, -0.005239, -0.054722, 0.998488, -2.850672, 0.233883, -62.993885

0.001486, 0.002716, 0.251070, -0.009221, -0.049403, 0.998736, -2.846276, 0.334247, -63.281055

0.000687, 0.002716, 0.084631, -0.001231, -0.042723, 0.999086, -2.688470, 0.220977, -63.376984

0.003883, 0.002849, -0.003802, -0.005296, -0.043731, 0.999029, -2.620100, 0.250899, -63.372181

0.003217, -0.001812, -0.003609, -0.001190, -0.043552, 0.999050, -2.574186, 0.180065, -63.367954

0.008144, 0.001251, -0.016160, -0.004177, -0.049446, 0.998768, -2.687468, 0.203185, -63.349739

0.003217, 0.001917, -0.027745, -0.001083, -0.050121, 0.998743, -2.765251, 0.146043, -63.318100

0.001087, 0.000585, -0.009402, -0.006186, -0.056487, 0.998384, -2.955664, 0.229264, -63.307930

-0.002375, 0.003115, -0.012298, 0.000879, -0.050431, 0.998727, -2.926916, 0.114579, -63.293602

0.000021, -0.005540, -0.022532, -0.002215, -0.044626, 0.999001, -2.779206, 0.127136, -63.267822

-0.003041, -0.002211, -0.005347, -0.004249, -0.042615, 0.999083, -2.640990, 0.176486, -63.261471

0.003217, 0.001784, -0.000906, -0.007274, -0.047620, 0.998839, -2.680076, 0.270615, -63.260483

-0.001177, -0.000613, 0.000252, -0.006317, -0.050869, 0.998685, -2.773050, 0.307836, -63.261272

-0.001044, -0.005940, 0.004114, 0.001839, -0.049787, 0.998758, -2.804155, 0.149127, -63.266445

-0.000644, 0.003781, 0.003535, -0.001195, -0.051760, 0.998659, -2.868542, 0.112345, -63.270428

0.001087, 0.003648, 0.001797, 0.000869, -0.048447, 0.998825, -2.833125, 0.043215, -63.272221

-0.000378, -0.000081, 0.006817, -0.000152, -0.047492, 0.998872, -2.788304, 0.029117, -63.280003

-0.001976, -0.001146, 0.062812, 0.002879, -0.050595, 0.998715, -2.830758, -0.050723, -63.351952

0.003084, 0.002183, 0.136184, -0.005152, -0.048303, 0.998819, -2.809491, 0.077456, -63.507694

-0.000511, -0.000480, 0.166306, 0.001831, -0.041587, 0.999133, -2.638604, -0.003991, -63.697948

0.000554, 0.000052, 0.111856, -0.002164, -0.050505, 0.998721, -2.741818, 0.041136, -63.826019

0.004815, 0.000851, 0.124985, -0.000134, -0.049431, 0.998778, -2.784016, 0.019871, -63.969051

0.003484, 0.001650, 0.168429, 0.000913, -0.060461, 0.998170, -3.060893, -0.020736, -64.161736

-0.003174, -0.000480, 0.026126, 0.001845, -0.049738, 0.998761, -2.973259, -0.055753, -64.191719

0.002019, 0.001118, 0.050068, -0.002154, -0.052492, 0.998619, -2.989839, 0.011660, -64.248940

0.001353, 0.001784, 0.002569, 0.002825, -0.041717, 0.999125, -2.751813, -0.059947, -64.251877

-0.001044, -0.000613, 0.001411, -0.004215, -0.051633, 0.998657, -2.833776, 0.061258, -64.253525

0.000288, 0.002183, -0.002258, -0.001117, -0.054381, 0.998520, -2.947533, 0.059981, -64.250938

-0.000644, 0.003781, 0.003921, 0.000829, -0.047687, 0.998862, -2.861097, 0.012443, -64.255150

0.000954, 0.001517, 0.003342, -0.002164, -0.054586, 0.998507, -2.969398, 0.055141, -64.258949

0.002951, 0.000851, -0.003609, -0.005189, -0.061645, 0.998085, -3.198715, 0.151247, -64.255173

-0.002642, -0.003410, -0.000327, -0.001161, -0.056696, 0.998391, -3.216269, 0.121284, -64.255074

-0.002242, 0.001784, 0.002376, -0.001223, -0.051913, 0.998651, -3.117486, 0.098608, -64.257492

0.001753, -0.003942, -0.003802, -0.000114, -0.053398, 0.998573, -3.096868, 0.066530, -64.253349

-0.004106, 0.002583, -0.143017, -0.005265, -0.049728, 0.998749, -2.993262, 0.166326, -64.089348

0.000820, 0.001917, -0.336295, 0.006895, -0.044612, 0.998981, -2.819270, -0.040869, -63.704197

0.001753, -0.000613, -0.719762, -0.005118, -0.052212, 0.998623, -2.890072, 0.134556, -62.880505

-0.000644, -0.004608, -0.824028, 0.003894, -0.051598, 0.998660, -2.914902, 0.044573, -61.937748

-0.002775, -0.007005, -0.779618, -0.006165, -0.052356, 0.998609, -2.944182, 0.221706, -61.046005

-0.001843, 0.001517, -0.698909, -0.005173, -0.064632, 0.997896, -3.243109, 0.293067, -60.247440

-0.005305, 0.003914, -0.750462, 0.000890, -0.061694, 0.998095, -3.350919, 0.200425, -59.389103

0.002285, 0.002183, -0.732119, -0.005262, -0.052777, 0.998592, -3.219743, 0.286440, -58.550880

-0.000644, 0.002050, -0.708563, -0.009098, -0.059095, 0.998211, -3.281291, 0.424085, -57.740471

-0.003174, -0.002211, -0.637314, -0.007242, -0.053601, 0.998536, -3.188551, 0.464180, -57.010841

0.009210, -0.000480, -0.751621, -0.011077, -0.060993, 0.998077, -3.314654, 0.581781, -56.152004

0.012672, 0.003648, -0.691185, -0.007220, -0.060632, 0.998134, -3.385920, 0.556659, -55.361649

0.012805, 0.002849, -0.745056, -0.000045, -0.072417, 0.997374, -3.700348, 0.384540, -54.511650

0.009077, 0.000319, -0.823062, -0.010828, -0.081108, 0.996647, -4.083980, 0.542556, -53.573486

0.002419, 0.002583, -0.639052, -0.014195, -0.076409, 0.996975, -4.198274, 0.700804, -52.844086

0.009609, -0.000613, -0.590588, -0.011248, -0.061532, 0.998042, -3.932763, 0.726964, -52.165794

0.004416, -0.000081, -0.678442, -0.017125, -0.060012, 0.998051, -3.730242, 0.880729, -51.387352

0.001087, -0.006206, -0.787342, -0.018122, -0.082077, 0.996461, -4.107997, 1.012583, -50.493820

0.006280, 0.004314, -0.734823, -0.013132, -0.056097, 0.998339, -3.743941, 0.961272, -49.647312

0.004017, 0.004047, -0.873264, -0.013193, -0.071385, 0.997362, -3.871955, 0.940958, -48.650646

0.009210, -0.000480, -0.825572, -0.010019, -0.073879, 0.997217, -4.013720, 0.859806, -47.708988

0.013072, -0.000880, -0.771895, -0.002815, -0.098001, 0.995182, -4.661196, 0.648400, -46.835087

0.016001, 0.004447, -0.886008, -0.007133, -0.065353, 0.997837, -4.302675, 0.626794, -45.818607

0.015469, -0.000214, -0.902420, -0.015175, -0.058168, 0.998192, -3.920545, 0.798283, -44.782547

0.012273, -0.000613, -1.065191, -0.019087, -0.075915, 0.996932, -4.089080, 1.002408, -43.567402

0.014270, 0.004580, -1.225645, -0.014910, -0.104545, 0.994408, -4.845310, 1.047462, -42.179554

0.011208, 0.006178, -1.279129, -0.016887, -0.066401, 0.997650, -4.415424, 1.126823, -40.710262

-0.013428, -0.000880, -1.338793, -0.026284, -0.091323, 0.995474, -4.696715, 1.401457, -39.187550

0.013072, 0.007643, -1.333966, -0.014155, -0.079306, 0.996750, -4.616956, 1.280664, -37.661572

-0.006503, -0.003010, -1.534774, -0.038684, -0.097799, 0.994454, -4.962051, 1.805545, -35.918716

0.007213, 0.000718, -1.474338, -0.019745, -0.081922, 0.996443, -4.814241, 1.679020, -34.231594

-0.001443, 0.004846, -1.356557, -0.024694, -0.097707, 0.994909, -5.084748, 1.702049, -32.690804

0.019064, 0.001118, -1.359839, -0.035515, -0.056272, 0.997784, -4.314308, 1.961964, -31.113939

0.008012, 0.000852, -1.254994, -0.008062, -0.088348, 0.996057, -4.582360, 1.472607, -29.688374

0.011474, 0.000985, -1.246305, -0.033846, -0.020456, 0.999218, -3.192443, 1.755701, -28.225595

0.012672, -0.004475, -1.234527, -0.040290, -0.084893, 0.995575, -3.832183, 2.069020, -26.834961

0.005481, -0.001812, -1.291873, -0.035228, -0.027083, 0.999012, -2.872611, 2.137959, -25.323511

0.002685, 0.000053, -1.198613, -0.031232, -0.073968, 0.996771, -3.373874, 2.073604, -23.970974

-0.002109, 0.002716, -1.235878, -0.030696, -0.056655, 0.997922, -3.271018, 2.026738, -22.554369

0.002285, -0.001945, -1.177180, -0.053679, 0.001739, 0.998557, -1.873323, 2.510417, -21.153090

-0.002775, 0.004580, -1.264841, -0.038390, -0.088135, 0.995368, -3.081782, 2.444677, -19.758009

0.003484, -0.000746, -1.176601, -0.055210, -0.044723, 0.997473, -2.818305, 2.803044, -18.400705

-0.003574, -0.000746, -1.208460, -0.042302, -0.079443, 0.995941, -3.444412, 2.728439, -17.049681

0.005881, -0.002744, -1.507163, -0.033801, -0.005410, 0.999414, -2.118797, 2.499787, -15.266999

0.011207, -0.003942, -1.559489, -0.038636, -0.028285, 0.998853, -1.855668, 2.452067, -13.471115

0.019596, -0.000480, -1.580535, -0.037740, -0.083772, 0.995770, -2.982245, 2.414177, -11.709391

0.002552, 0.003781, -1.474145, -0.033074, 0.043500, 0.998506, -0.728268, 2.259634, -9.931445

-0.003840, -0.000080, -1.293804, -0.047768, -0.035871, 0.998214, -1.194336, 2.476090, -8.469549

0.002818, -0.005407, -1.208074, -0.049764, -0.012228, 0.998686, -0.938395, 2.658616, -7.075314

-0.003308, -0.001812, -1.120413, -0.045761, 0.014597, 0.998846, -0.164797, 2.659026, -5.757273

0.000287, -0.005008, -1.040283, -0.054607, 0.055943, 0.996940, 1.241711, 2.843130, -4.498914

0.007212, -0.004342, -0.908599, -0.067529, 0.045872, 0.996662, 1.845662, 3.231807, -3.426728

-0.001311, -0.003543, -0.881953, -0.059343, 0.059666, 0.996453, 2.536774, 3.265613, -2.378990

0.001618, -0.003410, -0.774405, -0.040075, 0.043568, 0.998246, 2.567124, 2.842478, -1.491998

0.002151, -0.000214, -0.755290, -0.058240, 0.022777, 0.998043, 2.105119, 3.006142, -0.651864

0.000953, 0.000852, -0.747180, -0.063009, 0.024708, 0.997707, 1.876062, 3.218032, 0.190174

0.001486, 0.000452, -0.527063, -0.041293, 0.019753, 0.998952, 1.608992, 2.858646, 0.778793

-0.002642, -0.000880, -0.353480, -0.045146, 0.033668, 0.998413, 1.760776, 2.739309, 1.190477

-0.003708, -0.001812, -0.119074, -0.057169, 0.023744, 0.998082, 1.612657, 2.952592, 1.319213

0.000021, -0.002877, 0.001797, -0.050202, 0.034702, 0.998136, 1.763943, 2.925959, 1.325009

-0.001045, 0.004846, -0.006892, -0.052898, 0.025604, 0.998272, 1.647650, 2.962701, 1.326687

-0.000112, 0.002183, -0.004575, -0.045717, 0.030428, 0.998491, 1.687182, 2.823092, 1.333837

0.001219, 0.000718, -0.004575, -0.049182, 0.031700, 0.998287, 1.738673, 2.820497, 1.341650

-0.001843, 0.003248, 0.001218, -0.045067, 0.026649, 0.998628, 1.656669, 2.721842, 1.336075

-0.002509, -0.000746, -0.001292, -0.046923, 0.026581, 0.998545, 1.606881, 2.709714, 1.335083

-0.001178, 0.005779, 0.001990, -0.054790, 0.027549, 0.998118, 1.597766, 2.875603, 1.332112

0.001885, 0.000852, 0.005466, -0.049490, 0.027372, 0.998399, 1.584354, 2.859243, 1.325270

0.002151, 0.003248, 0.126530, -0.053348, 0.032794, 0.998037, 1.693574, 2.939217, 1.186057

0.002817, -0.005540, 0.231375, -0.053722, 0.034004, 0.997977, 1.779741, 3.009725, 0.926209

-0.001577, 0.002183, 0.200675, -0.050957, 0.013686, 0.998607, 1.371713, 2.978126, 0.675196

-0.002243, 0.004713, 0.168429, -0.046160, 0.034673, 0.998332, 1.611477, 2.844828, 0.494422

-0.004107, 0.002849, 0.140625, -0.045955, 0.022616, 0.998688, 1.482604, 2.761565, 0.326911

-0.000778, -0.000480, 0.035587, -0.048518, 0.018844, 0.998645, 1.320885, 2.770879, 0.278359

0.000154, -0.002611, 0.008362, -0.053104, 0.032659, 0.998055, 1.541531, 2.883416, 0.279752

0.000820, -0.000480, 0.021878, -0.054023, 0.024668, 0.998235, 1.488943, 2.969978, 0.252099

-0.003042, -0.001679, 0.004693, -0.048884, 0.027562, 0.998424, 1.529098, 2.904833, 0.248657

-0.000246, -0.004475, -0.003223, -0.051085, 0.031649, 0.998193, 1.644337, 2.919215, 0.258321

0.002817, -0.000347, 0.001411, -0.056619, 0.025920, 0.998059, 1.578362, 3.050270, 0.253448

0.000553, -0.001412, 0.003921, -0.044009, 0.027611, 0.998649, 1.579637, 2.840845, 0.249107

0.000553, -0.001279, 0.009714, -0.050880, 0.023601, 0.998426, 1.488246, 2.872867, 0.233511

0.001486, -0.001545, 0.001411, -0.052139, 0.027698, 0.998256, 1.526905, 2.921014, 0.233982

-0.003974, -0.002211, 0.018402, -0.047812, 0.024547, 0.998555, 1.482918, 2.851874, 0.210549

0.000420, 0.007376, 0.001025, -0.050737, 0.032445, 0.998185, 1.633868, 2.866026, 0.216711

0.001219, -0.000613, -0.000520, -0.050953, 0.027605, 0.998320, 1.612525, 2.888572, 0.216325

0.002551, 0.006045, 0.000445, -0.049886, 0.026576, 0.998401, 1.574456, 2.870006, 0.213856

-0.002376, 0.001118, 0.004114, -0.050312, 0.032773, 0.998196, 1.699337, 2.874420, 0.215235

-0.000778, 0.002449, 0.006238, -0.047153, 0.029688, 0.998446, 1.701389, 2.803137, 0.208073

-0.000645, -0.001545, -0.002451, -0.046027, 0.027626, 0.998558, 1.655590, 2.738813, 0.208679

-0.002376, 0.006444, 0.000252, -0.049118, 0.029672, 0.998352, 1.677001, 2.762066, 0.209075

-0.000645, 0.003515, -0.004768, -0.048835, 0.029519, 0.998371, 1.684641, 2.772702, 0.214745

-0.001977, 0.002183, -0.006313, -0.052270, 0.030754, 0.998159, 1.719311, 2.859381, 0.223487

0.015201, 0.001384, -0.005540, -0.055727, 0.024960, 0.998134, 1.587500, 2.991701, 0.223920

0.009475, -0.000880, 0.000445, -0.048442, 0.028846, 0.998409, 1.603581, 2.906697, 0.224832

0.012272, 0.001917, -0.006313, -0.046876, 0.028541, 0.998493, 1.603377, 2.816330, 0.232695

0.009875, 0.002849, 0.427550, -0.057961, 0.080015, 0.995107, 2.763659, 3.035242, -0.196784

0.008809, 0.005912, 0.117455, -0.047843, -0.005279, 0.998841, 1.520365, 2.917355, -0.395387

-0.007037, -0.000347, 0.172870, -0.047239, 0.038712, 0.998133, 1.798788, 2.839636, -0.579574

-0.012763, -0.002478, 0.066094, -0.041808, -0.005239, 0.999112, 0.970109, 2.667375, -0.695629

-0.008901, -0.002744, -0.007471, -0.048775, 0.028497, 0.998403, 1.246628, 2.721719, -0.674500

-0.006904, -0.002477, -0.004961, -0.051482, 0.026860, 0.998313, 1.372628, 2.816151, -0.663051

-0.002642, -0.002078, -0.005540, -0.051973, 0.031591, 0.998149, 1.552015, 2.883606, -0.647884

0.000420, 0.002449, -0.003416, -0.047201, 0.027719, 0.998501, 1.566980, 2.809428, -0.643284

0.000420, -0.000613, -0.000134, -0.045912, 0.025578, 0.998618, 1.526607, 2.738961, -0.645042

0.013337, 0.000985, 0.001604, -0.052479, 0.021847, 0.998383, 1.402043, 2.845580, -0.652246

-0.001044, 0.006711, -0.240332, -0.019007, 0.123004, 0.992224, 3.678495, 2.126714, -0.278713

0.008809, -0.003010, -0.526677, -0.069351, 0.007887, 0.997561, 2.406569, 2.838754, 0.268683

0.026520, -0.000880, -0.341122, -0.034650, 0.034275, 0.998812, 2.217801, 2.482808, 0.651542

0.055682, -0.004475, -0.209245, -0.062559, -0.012065, 0.997968, 1.002399, 2.923447, 0.836565

0.072328, -0.002478, -0.011912, -0.051596, 0.010635, 0.998611, 0.763325, 2.939722, 0.842245

0.117869, -0.004075, -0.000906, -0.053016, 0.009727, 0.998546, 0.546218, 2.984090, 0.839053

0.166873, -0.001679, -0.001679, -0.050989, 0.005615, 0.998683, 0.265467, 2.961457, 0.836387

0.238914, -0.000081, 0.000059, -0.046553, -0.007251, 0.998890, -0.280876, 2.844285, 0.822795

0.572485, 0.006711, 0.005466, -0.041136, -0.005181, 0.999140, -0.943641, 2.641858, 0.817412

0.849462, 0.010173, 0.004500, -0.054524, -0.051764, 0.997170, -2.728169, 2.823559, 0.772236

0.787808, -0.004075, 0.113014, -0.057461, -0.094244, 0.993889, -4.712368, 3.008311, 0.586327

1.118317, 0.001650, 0.005273, -0.040137, -0.124273, 0.991436, -6.966895, 2.722767, 0.535007

0.899665, 0.004713, 0.010679, -0.047398, -0.155557, 0.986689, -8.795166, 2.713371, 0.485798

0.481137, 0.009640, -0.076789, -0.042390, -0.199186, 0.979045, -10.423975, 2.604110, 0.524893

0.439590, 0.005379, 0.002763, -0.048275, -0.207849, 0.976969, -11.562301, 2.662725, 0.493482

0.373675, 0.004846, -0.000520, -0.043751, -0.221064, 0.974277, -12.479088, 2.595417, 0.473016

0.316282, 0.012836, -0.058252, -0.062169, -0.234683, 0.970082, -13.286228, 2.983550, 0.518432

0.372077, -0.001545, -0.029096, -0.042317, -0.265970, 0.963052, -14.572005, 2.770353, 0.508088

0.697526, 0.001118, 0.014927, -0.048896, -0.246766, 0.967841, -15.264770, 2.777668, 0.496980

0.955461, 0.001917, 0.007590, -0.044361, -0.298250, 0.953456, -17.202047, 2.679156, 0.450013

1.037223, 0.002316, 0.011451, -0.047277, -0.347024, 0.936664, -19.641348, 2.685093, 0.379675

1.051604, 0.007510, 0.012224, -0.043168, -0.381619, 0.923311, -21.972347, 2.587933, 0.318606

0.943477, -0.001545, 0.017823, -0.049818, -0.433243, 0.899899, -24.547358, 2.689180, 0.229283

0.970909, -0.002078, 0.009521, -0.045470, -0.445646, 0.894054, -26.439062, 2.653444, 0.182412

0.857055, 0.000585, 0.011258, -0.046881, -0.507492, 0.860380, -29.058279, 2.661261, 0.095188

0.776359, -0.001279, 0.008362, -0.039204, -0.506694, 0.861234, -30.512907, 2.492004, 0.062021

0.889281, -0.001146, 0.009328, -0.045845, -0.541323, 0.839564, -32.451958, 2.541913, 0.011304

0.799930, 0.003382, 0.003921, -0.040219, -0.593045, 0.804164, -34.949791, 2.442360, -0.058375

0.644663, 0.008309, 0.013576, -0.041294, -0.599481, 0.799323, -36.456516, 2.395393, -0.097778

0.732151, -0.001679, 0.011838, -0.043267, -0.622476, 0.781442, -38.129154, 2.422590, -0.145064

0.831357, -0.012198, 0.006624, -0.044593, -0.654775, 0.754507, -40.211098, 2.482228, -0.208477

0.716971, 0.004181, 0.005466, -0.043129, -0.669178, 0.741849, -41.768879, 2.470438, -0.241892

0.925236, 0.000585, 0.009907, -0.041451, -0.700328, 0.712617, -43.922199, 2.424568, -0.296166

0.952402, 0.003781, 0.007590, -0.041551, -0.724935, 0.687563, -46.050701, 2.398258, -0.342814

0.941482, -0.009535, 0.007976, -0.045812, -0.751896, 0.657688, -48.238831, 2.490210, -0.405191

0.908991, -0.006206, 0.006818, -0.037812, -0.780927, 0.623477, -50.543575, 2.360059, -0.467964

0.916981, -0.008470, -0.004961, -0.038954, -0.801264, 0.597042, -52.700420, 2.319755, -0.516636

0.896475, -0.005274, -0.000520, -0.035125, -0.826248, 0.562210, -54.954102, 2.201450, -0.568401

0.844408, 0.002316, 0.001797, -0.043640, -0.847931, 0.528308, -57.169224, 2.318502, -0.617600

0.861320, 0.003781, 0.005080, -0.051290, -0.860638, 0.506627, -59.094517, 2.559956, -0.659131

0.842545, -0.001146, 0.006431, -0.048991, -0.880743, 0.471054, -61.166065, 2.653744, -0.715140

0.745470, 0.004047, 0.002377, -0.053323, -0.898168, 0.436406, -63.187290, 2.810714, -0.769197

0.601389, 0.008974, -0.000520, -0.039351, -0.910302, 0.412070, -64.858940, 2.584907, -0.804653

0.550121, 0.022424, -0.009981, -0.053386, -0.917824, 0.393381, -66.264107, 2.774960, -0.813832

0.161288, 0.176226, -0.118688, -0.031376, -0.942423, 0.332950, -68.148315, 2.433148, -0.651153

0.489933, 0.000985, 0.003728, -0.041249, -0.935650, 0.350510, -69.235672, 2.401162, -0.673721

0.390061, -0.001546, 0.003149, -0.043489, -0.934260, 0.353931, -69.689110, 2.434956, -0.677058

0.407106, -0.000081, -0.001871, -0.042233, -0.943394, 0.328974, -70.590179, 2.431237, -0.694835

0.462235, 0.003781, 0.005273, -0.044852, -0.949562, 0.310355, -71.643837, 2.479956, -0.715434

0.466363, 0.002982, -0.000326, -0.048711, -0.956486, 0.287684, -72.824478, 2.604206, -0.741318

0.517897, 0.000319, -0.001099, -0.042863, -0.960851, 0.273730, -73.927567, 2.546314, -0.763197

0.519362, 0.001783, 0.001604, -0.039655, -0.969529, 0.241748, -75.351135, 2.434757, -0.797166

0.464100, 0.008042, 0.004501, -0.046224, -0.970769, 0.235524, -76.287163, 2.513349, -0.807374

0.514968, 0.045461, 0.001604, -0.051742, -0.974920, 0.216456, -77.352821, 2.680710, -0.779657

0.463168, 0.002982, 0.007783, -0.041478, -0.981196, 0.188507, -78.592278, 2.550037, -0.810012

0.424152, -0.002345, 0.002570, -0.040159, -0.982663, 0.181000, -79.466927, 2.448282, -0.829740

0.441063, -0.002877, 0.006045, -0.044014, -0.987346, 0.152351, -80.676933, 2.471906, -0.864592

0.507911, -0.019123, 0.002570, -0.048184, -0.987942, 0.147137, -81.600746, 2.588313, -0.902352

0.555849, -0.020188, 0.012803, -0.078839, -0.991432, 0.104153, -83.198425, 3.350297, -0.981359

0.413899, -0.011266, 0.007783, -0.031923, -0.996006, 0.083380, -84.480156, 2.734859, -1.035529

0.342657, -0.002478, -0.000133, -0.034478, -0.995563, 0.087550, -85.070618, 2.431656, -1.046214

0.382739, -0.023384, 0.007783, -0.042638, -0.997158, 0.062109, -86.056412, 2.429736, -1.096854

1.021119, -0.279854, 0.017630, -0.051864, -0.997753, -0.042427, -89.786278, 2.640784, -1.533422

0.645069, -0.140700, -0.007278, -0.093516, -0.995584, 0.008188, -90.432129, 3.738467, -1.696333

0.107094, -0.001945, 0.002956, -0.046970, -0.998754, -0.016833, -90.768448, 3.316586, -1.711223

0.054495, -0.004608, 0.005659, -0.042025, -0.998956, -0.017898, -90.934410, 2.946837, -1.721863

0.058490, -0.001679, 0.003535, -0.042807, -0.998942, -0.016791, -91.012947, 2.745390, -1.724172

0.048769, 0.000452, 0.006238, -0.046600, -0.998816, -0.013971, -90.984161, 2.708475, -1.719483

0.110690, 0.000851, 0.007397, -0.046366, -0.998762, -0.017999, -91.130264, 2.679629, -1.719236

0.138521, 0.002582, 0.005273, -0.044429, -0.998744, -0.023168, -91.368279, 2.620375, -1.719745

0.096575, 0.001783, -0.001485, -0.037987, -0.998964, -0.025055, -91.506241, 2.444784, -1.718782

-0.002099, -0.005940, 0.001218, -0.047646, -0.998118, -0.038594, -91.787323, 2.557703, -1.737913

-0.002764, 0.000452, 0.000253, -0.044206, -0.998822, -0.019997, -91.527977, 2.547837, -1.725977

0.004426, -0.000214, 0.000060, -0.039066, -0.998502, -0.038311, -91.800797, 2.424224, -1.737828

-0.027399, -0.001679, -0.009981, -0.044053, -0.998445, -0.034147, -91.832680, 2.475851, -1.742800

-0.053100, -0.000747, -0.003223, -0.043190, -0.998370, -0.037311, -91.894905, 2.479331, -1.749091

-0.061622, 0.000319, -0.007084, -0.044400, -0.998670, -0.026223, -91.667992, 2.513635, -1.742165

-0.060557, -0.001279, -0.002837, -0.040956, -0.998822, -0.026013, -91.528198, 2.450300, -1.740713

-0.114620, 0.001650, -0.008243, -0.038948, -0.999022, -0.020947, -91.265961, 2.372509, -1.733658

-0.102370, 0.003115, -0.007277, -0.043373, -0.998962, -0.013922, -90.961502, 2.426274, -1.722386

-0.073340, -0.001279, 0.003149, -0.039188, -0.999088, -0.016968, -90.882111, 2.350485, -1.724039

-0.050703, 0.000718, -0.003416, -0.044208, -0.999000, -0.006695, -90.624748, 2.427731, -1.714932

-0.025935, -0.003144, -0.001871, -0.040135, -0.999184, -0.004628, -90.451424, 2.378822, -1.712545

-0.013817, 0.002449, 0.006818, -0.041049, -0.999135, -0.006669, -90.407860, 2.360531, -1.708536

-0.043645, -0.002744, 0.002377, -0.041844, -0.999043, -0.012744, -90.487175, 2.372864, -1.716993

-0.092383, -0.009402, 0.006625, -0.042141, -0.999082, -0.007710, -90.363731, 2.382136, -1.726956

0.028262, -0.074519, -0.004767, -0.050973, -0.998653, -0.009720, -90.477386, 2.602841, -1.815903

-0.120879, -0.057607, 0.002763, -0.036925, -0.999271, -0.009721, -90.373749, 2.404513, -1.883582

-0.312899, -0.009402, -0.004188, -0.047209, -0.998885, 0.000472, -89.855324, 2.529832, -1.887104

-0.390399, -0.007138, -0.008436, -0.046878, -0.998791, 0.014773, -89.127258, 2.602380, -1.882401

-0.515705, -0.008870, -0.004188, -0.042819, -0.998492, 0.034362, -88.097466, 2.548117, -1.873042

-0.637548, -0.009003, 0.000253, -0.042156, -0.997217, 0.061491, -86.717010, 2.495552, -1.855091

-0.767115, -0.025648, -0.007857, -0.044588, -0.994052, 0.099360, -84.869507, 2.530898, -1.841152

-0.776570, -0.030442, -0.001292, -0.047080, -0.987866, 0.148004, -82.625931, 2.603778, -1.814524

-0.768980, -0.014862, 0.002763, -0.039821, -0.987540, 0.152245, -81.189537, 2.474400, -1.808200

-0.789487, -0.008736, -0.004381, -0.044292, -0.979653, 0.195749, -79.289871, 2.506940, -1.773817

-0.764852, -0.002211, -0.011139, -0.045122, -0.973499, 0.224197, -77.510078, 2.551796, -1.733723

-0.734359, 0.002582, -0.010367, -0.045023, -0.966932, 0.251029, -75.843071, 2.574274, -1.691187

-0.627696, 0.003914, -0.009401, -0.041415, -0.954442, 0.295509, -73.905403, 2.503764, -1.630672

-0.584818, -0.000347, -0.009401, -0.038667, -0.951493, 0.305231, -72.558685, 2.399192, -1.599741

-0.594273, -0.001412, -0.005154, -0.044728, -0.944845, 0.324450, -71.273537, 2.471112, -1.573417

-0.558452, -0.001013, -0.013070, -0.040328, -0.934972, 0.352421, -69.862900, 2.421830, -1.537086

-0.556189, 0.002982, -0.012491, -0.041931, -0.925888, 0.375464, -68.450821, 2.426686, -1.496158

-0.600265, 0.002716, -0.004960, -0.041172, -0.914605, 0.402246, -66.886597, 2.404148, -1.454379

-0.727435, 0.006844, -0.005540, -0.044842, -0.910427, 0.411232, -65.574692, 2.473151, -1.423827

-0.805069, 0.003914, -0.010367, -0.045798, -0.890792, 0.452097, -63.658710, 2.542890, -1.370801

-0.753669, 0.011504, -0.015773, -0.044671, -0.879021, 0.474685, -61.982971, 2.560026, -1.314701

-0.684824, 0.040134, -0.035661, -0.006540, -0.825963, 0.563686, -58.682343, 1.702278, -1.167231

-0.721577, 0.001517, -0.009208, -0.045226, -0.842939, 0.536104, -57.399975, 2.066188, -1.142661

-0.789890, 0.002583, -0.005733, -0.044893, -0.832840, 0.551690, -56.126137, 2.272741, -1.121045

-0.787493, 0.003515, -0.005154, -0.046800, -0.812627, 0.580902, -54.549625, 2.439183, -1.085391

-0.974852, 0.006844, -0.004960, -0.044896, -0.795085, 0.604834, -52.708054, 2.492696, -1.044019

-1.034509, 0.011371, -0.008629, -0.043672, -0.759381, 0.649179, -50.228779, 2.496814, -0.971306

-0.937168, 0.010040, -0.004767, -0.040028, -0.722838, 0.689857, -47.598888, 2.413041, -0.893103

-0.821583, 0.002050, -0.003416, -0.041373, -0.709965, 0.703021, -45.730556, 2.397693, -0.849955

-0.860334, 0.005778, -0.014422, -0.045207, -0.683279, 0.728757, -43.714291, 2.482153, -0.789094

-0.718383, 0.007510, -0.013649, -0.050482, -0.663455, 0.746511, -42.056416, 2.651195, -0.733262

-0.973788, 0.004047, -0.010560, -0.046335, -0.635267, 0.770902, -39.913937, 2.657625, -0.673571

-1.038106, 0.004047, -0.010560, -0.042089, -0.617696, 0.785290, -38.033501, 2.563443, -0.630833

-1.307493, 0.008708, -0.006698, -0.045876, -0.578203, 0.814602, -35.468498, 2.586462, -0.570417

-1.672224, 0.005512, -0.018863, -0.047259, -0.515023, 0.855873, -31.780706, 2.642560, -0.467385

-1.608840, 0.004181, -0.006698, -0.038564, -0.406261, 0.912943, -26.829212, 2.472928, -0.322288

-1.109749, 0.000718, -0.015773, -0.044216, -0.394043, 0.918028, -24.118227, 2.504947, -0.242929

-1.012674, 0.001650, -0.011719, -0.044686, -0.335127, 0.941113, -21.152082, 2.531916, -0.150274

-0.758201, -0.000746, -0.009209, -0.046049, -0.325397, 0.944456, -19.426439, 2.579477, -0.102181

-0.711329, 0.005512, -0.012298, -0.049024, -0.295538, 0.954072, -17.724794, 2.670352, -0.045555

-0.537019, 0.003648, -0.017704, -0.050494, -0.268673, 0.961907, -16.261078, 2.762083, 0.015717

-0.756071, 0.000585, 0.005273, -0.051330, -0.275786, 0.959848, -15.302723, 2.831846, 0.015125

-1.463295, -0.007271, 0.038097, -0.043612, -0.216560, 0.975295, -12.514991, 2.696582, 0.022472

-1.447582, -0.005407, -0.013843, -0.043243, -0.128894, 0.990715, -8.817113, 2.619580, 0.130086

-1.014806, -0.004342, -0.021566, -0.043429, -0.048219, 0.997892, -5.237236, 2.577747, 0.262925

-0.070021, -0.000081, -0.001292, -0.048019, -0.055543, 0.997301, -4.337364, 2.648177, 0.301806

-0.108372, 0.008841, -0.007085, -0.049971, -0.101400, 0.993590, -4.808510, 2.725425, 0.282835

-0.911473, -0.003676, -0.022339, -0.045537, -0.026650, 0.998607, -2.451589, 2.685581, 0.369562

-0.507726, 0.075156, -0.161167, -0.059385, -0.028909, 0.997816, -1.543889, 2.893486, 0.574473

-0.347265, -0.021653, -0.034117, -0.048049, -0.009144, 0.998803, -0.736274, 2.863333, 0.633305

-0.122222, -0.027113, 0.026319, -0.033902, -0.003351, 0.999420, -0.379929, 2.525937, 0.612544

-0.252720, -0.046022, -0.015387, -0.035551, -0.022311, 0.999119, -0.449394, 2.383490, 0.614072

-0.035799, -0.001013, -0.128535, -0.057986, -0.000215, 0.998317, -0.227029, 2.761811, 0.769497

-0.007303, -0.003143, -0.021373, -0.052189, 0.012530, 0.998559, 0.160863, 2.857417, 0.812556

-0.005039, -0.003809, 0.001411, -0.049932, 0.023618, 0.998473, 0.644189, 2.863811, 0.834787

-0.007969, -0.002478, -0.003802, -0.051012, 0.027634, 0.998316, 1.030063, 2.890769, 0.858084

-0.010099, 0.003382, -0.004575, -0.058911, 0.024026, 0.997974, 1.181476, 3.081421, 0.870553

-0.012629, -0.003143, -0.015967, -0.051711, 0.024526, 0.998361, 1.287257, 3.037730, 0.893761

-0.010499, 0.000186, -0.003030, -0.046686, 0.021515, 0.998678, 1.278228, 2.892711, 0.896118

-0.001577, -0.003543, 0.000832, -0.043310, 0.028778, 0.998647, 1.428993, 2.732633, 0.902565

-0.000778, -0.002478, -0.001292, -0.048213, 0.027726, 0.998452, 1.494622, 2.747775, 0.907210

-0.000512, -0.001146, -0.005926, -0.052256, 0.026756, 0.998275, 1.511802, 2.847955, 0.914835

-0.003042, -0.005540, -0.001099, -0.050723, 0.028483, 0.998307, 1.564341, 2.878079, 0.918711

-0.000379, -0.002078, -0.094939, -0.044423, 0.041859, 0.998136, 1.904992, 2.744434, 1.044076

-0.003841, 0.000985, -0.056708, -0.048371, 0.024804, 0.998521, 1.719703, 2.752517, 1.099815

-0.010099, 0.003648, -0.043578, -0.044841, 0.022561, 0.998739, 1.563377, 2.673945, 1.141590

-0.009833, 0.000718, -0.040489, -0.054460, 0.045840, 0.997463, 2.003914, 2.850944, 1.208603

-0.000379, -0.003543, 0.002569, -0.055913, 0.025626, 0.998107, 1.790964, 2.996845, 1.194922

-0.007037, -0.002211, 0.000639, -0.049121, 0.030669, 0.998322, 1.786459, 2.926894, 1.193616

0.001752, -0.019522, 0.009520, -0.054260, 0.040715, 0.997696, 2.004076, 3.023038, 1.194819

-0.002776, -0.026180, -0.002837, -0.053168, 0.033690, 0.998017, 1.979209, 3.062792, 1.197624

-0.019554, -0.020055, 0.007397, -0.053355, 0.034794, 0.997969, 2.008240, 3.084318, 1.190317

0.005081, -0.103548, 0.002376, -0.061858, 0.175128, 0.982601, 5.230167, 3.395051, 1.374195

-0.013030, -0.198892, -0.006313, -0.055233, 0.028286, 0.998073, 3.804495, 3.531775, 1.315112

-0.017823, -0.174124, 0.024581, -0.065857, 0.045449, 0.996793, 3.346412, 3.830576, 1.269603

-0.018489, -0.234180, 0.032111, -0.070357, 0.030445, 0.997057, 2.727117, 4.182425, 1.203894

-0.027144, -0.301959, 0.019175, -0.088965, 0.038949, 0.995273, 2.563461, 4.897776, 1.183200

-0.025147, -0.153084, 0.132323, -0.101227, 0.031251, 0.994372, 2.274148, 5.444338, 1.011553

-0.024215, -0.327527, 0.065129, -0.085892, 0.014928, 0.996193, 1.729305, 5.615630, 0.897004

-0.102381, -0.474804, 0.069377, -0.119960, 0.061080, 0.990898, 2.558669, 6.672486, 0.911548

-0.013295, -0.168398, 0.122089, -0.164272, -0.000334, 0.986415, 1.530285, 7.984405, 0.648317

-0.003574, -0.336582, -0.113282, -0.124800, 0.008687, 0.992144, 1.141827, 8.041224, 0.732307

0.029450, -0.570414, -0.041840, -0.158737, 0.066191, 0.985100, 2.197677, 9.132235, 0.955050

-0.033137, -0.517017, 0.120158, -0.177126, 0.042148, 0.983285, 2.318837, 10.157705, 0.855905

-0.028476, -0.698250, 0.068411, -0.173673, 0.125444, 0.976781, 4.345948, 10.907518, 1.175501

-0.036732, -0.737400, 0.043117, -0.247625, 0.032750, 0.968302, 3.433339, 13.127131, 0.991983

-0.050048, -0.598113, -0.024849, -0.261715, 0.035475, 0.964493, 2.978798, 14.628427, 0.937582

0.005747, -0.614625, -0.166380, -0.264241, 0.047318, 0.963295, 2.966910, 15.599281, 1.155793

0.041967, -0.812238, -0.102083, -0.317372, 0.016046, 0.948165, 2.173261, 17.687344, 1.100312

0.088574, -0.779081, -0.085477, -0.331368, 0.063399, 0.941369, 2.786723, 19.242498, 1.450985

0.038238, -0.712367, -0.009209, -0.376091, 0.042763, 0.925595, 2.704991, 21.196598, 1.484600

0.029050, -0.702912, 0.043117, -0.398836, 0.039337, 0.916178, 2.568734, 22.926792, 1.434878

0.016133, -0.590257, 0.026319, -0.423942, 0.023220, 0.905392, 2.112626, 24.467249, 1.258923

0.023724, -0.577208, 0.032112, -0.448739, 0.028334, 0.893214, 1.961790, 26.007605, 1.194587

0.021859, -0.538058, 0.049682, -0.452289, 0.027787, 0.891439, 1.848102, 26.978922, 1.122686

0.011606, -0.614493, 0.081735, -0.453150, 0.078345, 0.887985, 3.083395, 27.682070, 1.632709

-0.014760, -0.682939, 0.145066, -0.529542, 0.019330, 0.848064, 2.333659, 30.189466, 1.152279

0.053019, -0.640460, -0.034696, -0.510841, 0.009612, 0.859621, 1.634046, 31.136234, 0.886192

0.039969, -0.681341, 0.000639, -0.554156, 0.021175, 0.832144, 1.531432, 32.922932, 0.873879

0.032379, -0.633137, 0.040414, -0.589240, 0.028987, 0.807438, 1.682304, 34.921143, 0.955670

0.027319, -0.634202, 0.088879, -0.571377, 0.055394, 0.818816, 2.477092, 35.626133, 1.366601

-0.035134, -0.726217, 0.184070, -0.611467, -0.000358, 0.791270, 1.391782, 37.298260, 0.556005

-0.064163, -0.586664, 0.150280, -0.651267, 0.008046, 0.758806, 1.033921, 39.309349, 0.165624

-0.079344, -0.416616, 0.128075, -0.685649, -0.002853, 0.727927, 0.518888, 41.379826, -0.332347

0.017732, -0.246036, -0.018476, -0.688521, 0.005379, 0.725197, 0.482943, 42.514668, -0.325142

0.001353, -0.219537, 0.043504, -0.625709, 0.008582, 0.780009, 0.500211, 41.255611, -0.347748

0.009742, -0.532600, 0.006432, -0.639754, -0.000813, 0.768579, 0.257863, 41.273464, -0.501759

0.012805, -0.727017, -0.017897, -0.676777, 0.015122, 0.736033, 0.632931, 42.634670, -0.223084

0.009475, -0.709706, -0.010753, -0.723934, 0.010712, 0.689786, 0.742762, 44.944927, -0.124033

0.092036, -0.719560, -0.137031, -0.735222, -0.018880, 0.677563, -0.113626, 46.726498, -0.545222

0.110412, -0.560299, -0.122163, -0.769713, 0.051103, 0.636342, 1.736041, 48.827919, 1.012045

0.030648, -0.453370, -0.050336, -0.773146, 0.021130, 0.633877, 1.855805, 50.068951, 1.177805

0.000420, -0.311020, 0.021106, -0.762774, 0.020676, 0.646335, 1.830618, 50.282066, 1.150722

-0.005838, -0.545918, 0.009907, -0.771194, 0.020841, 0.636258, 1.866369, 50.979328, 1.178733

-0.140732, -0.699054, 0.072467, -0.729413, -0.053459, 0.681981, -0.749436, 50.169968, -1.003181

-0.043257, -0.790137, 0.032884, -0.820995, 0.015644, 0.570721, 0.118496, 53.083515, -0.392314

0.010008, -0.481734, -0.028324, -0.877997, 0.008238, 0.478595, 0.461265, 56.951515, -0.081955

0.169803, -0.403834, -0.198239, -0.841420, -0.017883, 0.540085, -0.322639, 57.555367, -0.452276

0.204159, -0.444848, -0.167152, -0.836445, 0.045160, 0.546188, 1.814898, 57.770840, 1.652492

0.092569, -0.555906, -0.092042, -0.872953, 0.015166, 0.487569, 1.905268, 59.616589, 1.886438

0.061409, -0.410226, -0.061728, -0.869246, 0.019884, 0.493980, 2.145357, 60.385715, 2.198736

-0.035533, -0.605709, 0.015893, -0.864948, -0.001720, 0.501858, 1.234546, 60.881554, 1.373397

-0.088266, -0.523681, 0.078259, -0.911335, 0.000517, 0.411665, 0.761139, 63.405396, 0.829023

0.011606, -0.472014, -0.020021, -0.905580, 0.010494, 0.424046, 1.069681, 64.544472, 1.131671

0.021061, -0.403303, -0.011332, -0.909663, 0.022396, 0.414743, 1.897914, 65.374954, 1.913160

0.034377, -0.419549, -0.014808, -0.909021, 0.015447, 0.416463, 2.023571, 65.853020, 2.077119

-0.001178, -0.416752, 0.005659, -0.922980, 0.019486, 0.384354, 2.394511, 66.935966, 2.420050

-0.001178, -0.416086, -0.002837, -0.916363, 0.011519, 0.400182, 2.142771, 67.198303, 2.196040

0.001086, -0.648321, 0.001604, -0.911867, 0.013435, 0.410266, 2.089685, 67.367393, 2.158273

-0.007569, -0.722359, -0.001871, -0.949608, 0.006966, 0.313362, 1.888453, 69.939674, 1.975227

-0.006637, -0.641930, -0.009594, -0.955414, 0.023829, 0.294305, 3.040818, 71.832443, 3.069151

-0.005306, -0.589597, 0.007397, -0.965840, 0.016112, 0.258636, 3.335038, 73.766304, 3.353006

-0.016092, -0.479739, 0.003149, -0.972666, 0.020157, 0.231332, 4.070797, 75.438316, 4.052656

-0.003974, -0.294111, -0.025428, -0.969378, 0.043725, 0.241648, 6.781543, 75.927261, 6.688183

-0.015692, -0.352436, 0.001797, -0.969313, 0.023123, 0.244739, 6.413095, 76.266472, 6.324181

0.004149, -0.443386, -0.063852, -0.970585, 0.110371, 0.213972, 15.655574, 76.870674, 15.350411

-0.003708, -0.367883, 0.005851, -0.981899, 0.011279, 0.189068, 11.658468, 78.231041, 11.467158

-0.024082, -0.323940, 0.001797, -0.979570, 0.022124, 0.199882, 9.865131, 78.675987, 9.697961

0.002950, -0.367350, -0.002258, -0.983529, -0.004479, 0.180696, 5.809590, 79.507233, 5.733495

-0.031139, -0.283059, 0.006432, -0.990684, 0.015361, 0.135314, 6.236462, 80.896309, 6.123713

-0.050048, -0.265615, 0.003728, -0.987477, 0.031141, 0.154657, 8.606797, 81.216980, 8.413178

0.019063, -0.363356, -0.002064, -0.991335, -0.003477, 0.131314, 5.173591, 82.154472, 5.047362

0.005347, -0.330864, 0.001025, -0.991877, 0.011475, 0.126683, 5.427399, 82.746849, 5.309541

0.048758, -0.255495, -0.024655, -0.997187, 0.037376, 0.064972, 13.138403, 84.318344, 13.034797

0.072062, -0.131255, -0.030641, -0.993220, 0.021374, 0.114271, 12.572025, 84.061218, 12.560283

0.178325, -0.082384, -0.013263, -0.995707, 0.032351, 0.086727, 15.713363, 84.411804, 15.892677

0.168471, -0.145237, -0.016546, -0.993415, -0.001468, 0.114558, 8.730810, 84.236084, 9.142564

0.020528, -0.232058, -0.002836, -0.994262, 0.007544, 0.106704, 7.111530, 84.353325, 7.559079

-0.031139, -0.295976, 0.007204, -0.994991, 0.016473, 0.098598, 8.528148, 84.654701, 8.937001

-0.387614, -0.531407, 0.031340, -0.999045, 0.019541, 0.039085, 14.944761, 86.425537, 14.897751

-0.090663, -0.372412, 0.011838, -0.998490, 0.036420, 0.041122, 28.085138, 87.067619, 27.919678

-0.265638, -0.351239, 0.018017, -0.999796, -0.018844, 0.007248, 16.404345, 88.629974, 15.950339

-0.349397, -0.502245, 0.025740, -0.995369, 0.096122, 0.001174, 84.552353, 87.576172, 83.674957

-0.127149, -0.479741, -0.005347, -0.997745, 0.027569, -0.061194, 131.128616, 87.231689, 130.086548

0.021460, -0.028987, -0.002644, -0.997688, 0.028399, -0.061738, 143.118820, 86.822876, 142.086502

0.573950, 0.046782, -0.029869, -0.997172, 0.053181, -0.053098, 137.656998, 86.394730, 137.287552

0.153690, 0.056236, 0.040993, -0.996953, 0.035005, 0.069707, 88.281227, 87.777534, 88.139870

0.016666, 0.026675, 0.031532, -0.999509, -0.006214, 0.030703, 56.113705, 88.607170, 56.004208

-0.002376, -0.089709, 0.031726, -0.999511, 0.019570, -0.024376, 100.089020, 88.874290, 99.969345

-0.004373, -0.061345, 0.008169, -0.999059, 0.009707, -0.042261, 142.867584, 88.545853, 142.735001

0.000820, -0.076659, 0.036939, -0.999598, 0.004715, 0.027957, 103.461258, 89.384514, 103.336441

0.003350, -0.129258, 0.027478, -0.998900, 0.012670, -0.045152, 154.158966, 88.588051, 154.034149

0.009475, -0.007015, 0.023230, -0.999611, -0.006058, -0.027240, 171.699966, 88.588875, 171.581528

-0.001178, 0.095386, -0.031992, -0.996370, 0.006817, -0.084857, 173.279602, 87.306953, 173.157364

0.028917, 0.095120, -0.031799, -0.999439, 0.030673, 0.013451, 141.937714, 88.489227, 141.864792

0.001352, -0.003819, 0.006045, -0.999634, 0.016582, -0.021363, 142.342239, 88.473373, 142.270935

0.004548, -0.005018, -0.006698, -0.999872, -0.000675, -0.015960, 153.299133, 88.770279, 153.230057

0.006945, -0.009013, 0.013576, -0.999434, -0.009970, -0.032133, 176.467178, 88.590126, 176.400574

0.097096, 0.065025, -0.006698, -0.999773, -0.001105, -0.021276, 178.314743, 88.740562, 178.358658

0.094433, 0.040657, 0.001605, -0.999926, 0.011672, 0.003416, 155.248322, 89.302261, 155.403854

0.071795, 0.010962, -0.003222, -0.999403, 0.034525, -0.001606, 112.436630, 88.947235, 112.677742

0.169803, -0.015005, 0.000639, -0.999711, -0.012873, -0.020282, 158.204269, 89.219147, 158.635910

0.074458, -0.000757, 0.000832, -0.999904, -0.003202, -0.013499, 172.360397, 89.245926, 172.876282

0.001752, 0.016421, 0.005273, -0.999659, 0.006739, -0.025244, 168.298462, 88.969780, 168.816528

0.007478, -0.009679, 0.000639, -0.999776, 0.015603, 0.014265, 120.800529, 89.432137, 121.330727

-0.004107, -0.055486, 0.010486, -0.999379, 0.016554, -0.031120, 145.332321, 88.842415, 145.855988

0.004282, -0.013540, 0.004308, -0.999824, 0.017566, -0.006567, 132.895554, 88.915741, 133.426636

0.028651, -0.028721, 0.009328, -0.999722, 0.011682, -0.020487, 142.169891, 88.802208, 142.732635

0.008543, -0.006882, 0.000832, -0.999567, 0.010689, -0.027401, 150.363174, 88.614212, 150.933746

0.039703, 0.034798, -0.009788, -0.999545, 0.017641, -0.024466, 146.336273, 88.505760, 146.952805

0.001619, -0.010078, 0.000253, -0.999806, 0.016624, -0.010538, 138.695038, 88.668510, 139.315887

0.000420, -0.030718, 0.009135, -0.999742, 0.016619, -0.015492, 137.806946, 88.662056, 138.429230

0.004682, -0.021130, 0.004887, -0.999743, 0.011668, -0.019440, 143.042755, 88.666458, 143.669510

-0.001178, 0.003771, -0.006312, -0.999341, 0.014624, -0.033215, 149.479523, 88.378151, 150.102585

0.002018, -0.013540, 0.001025, -0.999637, 0.021515, 0.016195, 116.040321, 88.899437, 116.674316

-0.001444, -0.098897, 0.018789, -0.999311, 0.011674, -0.035243, 145.314438, 88.525673, 145.942200

0.004282, -0.008613, -0.005926, -0.999774, 0.008700, -0.019399, 149.019379, 88.620155, 149.650955

-0.000112, -0.072398, 0.012610, -0.998720, 0.015634, -0.048114, 157.897415, 87.953400, 158.526291

0.000287, 0.082470, -0.007471, -0.999224, -0.000227, -0.039384, 166.555267, 87.998062, 167.177612

0.000154, 0.049179, -0.005926, -0.999798, 0.016613, 0.011323, 141.944275, 88.914650, 142.574112

-0.005172, -0.060680, 0.010679, -0.999508, 0.018543, -0.025289, 144.990021, 88.580452, 145.614090

0.000820, -0.008081, -0.008822, -0.998970, 0.016629, -0.042226, 152.287964, 88.107513, 152.909851

-0.002776, 0.076211, -0.013649, -0.998761, 0.009699, -0.048803, 159.395447, 87.823273, 160.007889

0.002817, 0.117092, -0.022531, -0.999862, 0.015622, -0.005575, 145.241684, 88.518127, 145.861603

-0.000245, 0.075279, -0.011912, -0.999675, 0.016572, -0.019378, 140.394089, 88.586113, 141.013687

-0.000112, 0.099914, -0.018283, -0.999728, 0.015573, -0.017385, 135.576553, 88.685966, 136.195160

-0.025147, 0.094055, -0.011718, -0.999901, 0.013593, -0.003614, 121.544991, 88.969208, 122.135628

0.005614, 0.215632, -0.013456, -0.999330, 0.014491, -0.033603, 134.086014, 88.781471, 134.676880

0.002018, 0.245993, -0.004381, -0.999562, 0.020582, 0.021283, 75.308945, 88.961639, 75.906395

0.006679, 0.280082, -0.011525, -0.999860, 0.016565, 0.002316, 61.844063, 88.869957, 62.445850

0.000553, 0.209373, -0.012298, -0.996977, 0.016526, 0.075922, 23.281998, 87.495087, 23.895857

-0.004640, 0.128811, -0.005926, -0.999616, 0.022503, 0.016194, 30.461666, 87.795753, 31.061897

0.001752, 0.190997, -0.004767, -0.999257, 0.019572, 0.033215, 27.940180, 87.599297, 28.540386

0.002018, 0.295929, 0.001025, -0.999554, 0.024461, 0.017157, 31.623249, 87.644737, 32.215908

0.004548, 0.399795, -0.002644, -0.998184, 0.017491, 0.057645, 20.993704, 86.804138, 21.593983

-0.000112, 0.579165, -0.003223, -0.999697, 0.015562, 0.019096, 19.916281, 86.923805, 20.504971

0.010807, 0.689689, -0.016353, -0.990295, 0.024380, 0.136830, 12.023812, 84.203529, 12.632854

0.000420, 0.584758, -0.000713, -0.991166, 0.023365, 0.130550, 10.124406, 82.815720, 10.731973

0.032912, 0.647744, -0.002644, -0.985677, 0.014382, 0.168032, 7.002402, 81.077744, 7.661880

0.041967, 0.638423, -0.006119, -0.984123, 0.016340, 0.176737, 5.806310, 79.829834, 6.517050

0.327600, 0.579698, -0.114247, -0.976854, 0.020184, 0.212954, 5.595105, 78.283463, 6.690339

0.049690, 0.495140, -0.024462, -0.965009, 0.017979, 0.261600, 4.691251, 76.323700, 5.858656

-0.001977, 0.386347, 0.009135, -0.968821, 0.024958, 0.246500, 4.946195, 75.616577, 6.092775

0.003350, 0.459320, -0.000326, -0.967573, 0.012148, 0.252299, 3.919969, 74.994835, 5.092636

0.007744, 0.456391, -0.015194, -0.957787, 0.020954, 0.286714, 3.955039, 73.791206, 5.130232

0.013470, 0.483423, 0.000060, -0.958187, 0.023957, 0.285139, 4.147100, 73.071678, 5.318464

0.005214, 0.498470, 0.003921, -0.951336, 0.012916, 0.307884, 3.299640, 72.095612, 4.502209

0.008810, 0.684098, 0.000446, -0.956072, 0.023881, 0.292157, 3.663536, 71.657967, 4.843636

0.023857, 0.708733, -0.028710, -0.918184, 0.013523, 0.395923, 2.838725, 68.851349, 4.087046

0.105618, 0.662127, -0.062114, -0.931516, 0.031764, 0.362312, 3.647121, 68.021591, 4.963861

0.040236, 0.814331, -0.028131, -0.916152, 0.016717, 0.400483, 3.035943, 66.428505, 4.432863

0.062208, 0.894495, -0.051687, -0.899935, 0.024381, 0.435343, 3.046077, 64.490417, 4.509373

0.006413, 0.902352, -0.007857, -0.869274, 0.020948, 0.493887, 2.693900, 61.812439, 4.181913

0.010541, 0.751346, 0.003342, -0.838180, 0.024218, 0.544856, 2.544486, 59.009228, 4.041672

-0.001178, 0.532828, 0.001797, -0.822854, 0.019222, 0.567928, 2.248002, 56.945435, 3.774087

-0.004107, 0.364911, -0.005540, -0.823850, 0.016425, 0.566570, 1.999916, 55.938332, 3.557911

0.000154, 0.261444, -0.009595, -0.832955, 0.028572, 0.552602, 2.378758, 55.825455, 3.871994

-0.002376, 0.363313, 0.004501, -0.842025, 0.017886, 0.539141, 2.163456, 56.021408, 3.678807

-0.001444, 0.456792, -0.004574, -0.818605, 0.022519, 0.573916, 2.177679, 55.067719, 3.681048

0.001752, 0.493678, -0.001485, -0.802513, 0.020220, 0.596291, 2.053195, 53.823662, 3.570078

-0.001044, 0.415645, -0.012684, -0.785141, 0.018067, 0.619054, 1.895747, 52.511475, 3.441586

0.002551, 0.452665, -0.002450, -0.802883, 0.031454, 0.595306, 2.314843, 52.352222, 3.767359

-0.000911, 0.574109, 0.010293, -0.767813, 0.020996, 0.640330, 2.091128, 50.817913, 3.567799

-0.034868, 0.474237, 0.049103, -0.741754, 0.024518, 0.670223, 2.043049, 49.102615, 3.451956

-0.006105, 0.401664, -0.030834, -0.743004, -0.029009, 0.668658, 0.254076, 48.217762, 2.115782

0.146233, 0.390745, -0.208086, -0.760592, 0.025351, 0.648735, 1.125694, 48.290264, 3.048619

0.004016, 0.504598, 0.033464, -0.716205, 0.061986, 0.695132, 2.682629, 46.712109, 4.167043

-0.019554, 0.496742, 0.034815, -0.699828, 0.021228, 0.713996, 2.239496, 45.226738, 3.786511

0.004948, 0.409122, 0.005466, -0.677611, 0.032428, 0.734705, 2.327185, 43.731167, 3.834670

-0.000645, 0.321901, -0.004381, -0.679885, 0.016138, 0.733141, 1.890960, 43.004951, 3.527406

-0.012763, 0.270900, 0.020720, -0.669033, 0.025781, 0.742786, 1.913323, 42.290497, 3.507737

-0.025413, 0.355591, 0.023616, -0.688589, 0.023536, 0.724770, 1.884455, 42.375290, 3.438629

-0.021418, 0.580502, 0.003535, -0.717245, -0.001665, 0.696819, 1.113675, 43.094570, 2.879862

0.009476, 0.413516, -0.023304, -0.593208, 0.034763, 0.804298, 1.689585, 39.944572, 3.281962

-0.006770, 0.206716, 0.022458, -0.627679, 0.028477, 0.777951, 1.834004, 39.282604, 3.343990

-0.061766, 0.258915, 0.085017, -0.614177, 0.024331, 0.788793, 1.791671, 38.432991, 3.189894

-0.049116, 0.241871, 0.067253, -0.624483, 0.015767, 0.780879, 1.527623, 38.243073, 2.923991

-0.058970, 0.275028, 0.067253, -0.608914, 0.033439, 0.792531, 1.884528, 37.638336, 3.034503

-0.119159, 0.263976, 0.194496, -0.584614, 0.047445, 0.809923, 2.438565, 36.601868, 3.101206

-0.113034, 0.304990, 0.181559, -0.600143, 0.037681, 0.799005, 2.507314, 36.373051, 2.886046

-0.146724, 0.341476, 0.198358, -0.591617, 0.032426, 0.805567, 2.416410, 35.951408, 2.536070

-0.092127, 0.402997, 0.122282, -0.568878, 0.034142, 0.821713, 2.393503, 34.984165, 2.331698

-0.047518, 0.488221, 0.039642, -0.561266, 0.011258, 0.827559, 1.755445, 34.093010, 1.882379

-0.048716, 0.531765, -0.002451, -0.545645, 0.033772, 0.837336, 2.022157, 33.074444, 1.985492

-0.031938, 0.674382, -0.038944, -0.533372, 0.036672, 0.845086, 2.253999, 31.964342, 2.104682

-0.069490, 0.673183, 0.077100, -0.475293, 0.042485, 0.878801, 2.470864, 29.764048, 2.073148

-0.054309, 0.642956, 0.027478, -0.478673, 0.027559, 0.877560, 2.228915, 28.563541, 1.869459

-0.033536, 0.642956, -0.040488, -0.448484, 0.046915, 0.892559, 2.589413, 27.059265, 2.034846

-0.053111, 0.579038, 0.017437, -0.418226, 0.057449, 0.906524, 3.042519, 25.464008, 2.163191

-0.060302, 0.502737, 0.113014, -0.401973, 0.047382, 0.914425, 3.007025, 24.190687, 1.974203

-0.057106, 0.550542, 0.091775, -0.391548, 0.045031, 0.919055, 2.931152, 23.110220, 1.790958

-0.072819, 0.488222, 0.135798, -0.350139, 0.046731, 0.935531, 2.910223, 21.514006, 1.580996

-0.097054, 0.548811, 0.088299, -0.359083, 0.039951, 0.932450, 2.787602, 20.703053, 1.372329

-0.101449, 0.535495, 0.062040, -0.312645, 0.047617, 0.948676, 2.901452, 19.100267, 1.275642

-0.035933, 0.434692, 0.042924, -0.312708, 0.038066, 0.949086, 2.675557, 18.254286, 1.119579

-0.088132, 0.442815, 0.010872, -0.284159, 0.063831, 0.956650, 3.222710, 17.050722, 1.219560

-0.075615, 0.547747, -0.042806, -0.263627, 0.041410, 0.963735, 3.007547, 15.715702, 1.146546

-0.025546, 0.490354, 0.001604, -0.236234, 0.074035, 0.968872, 3.574690, 14.335469, 1.255513

-0.037664, 0.446011, 0.023616, -0.240848, 0.066906, 0.968254, 3.754214, 13.667660, 1.231220

-0.025546, 0.442149, 0.044855, -0.230111, 0.045704, 0.972091, 3.339026, 13.020070, 1.046404

-0.010899, 0.419645, -0.024656, -0.209185, 0.057036, 0.976211, 3.353421, 12.160186, 1.046920

0.031314, 0.466785, -0.097063, -0.161437, 0.081986, 0.983472, 3.900222, 10.472766, 1.239753

0.062607, 0.312050, -0.002644, -0.154659, 0.076599, 0.984994, 4.043785, 9.485759, 1.256728

0.034110, 0.280092, 0.074976, -0.167053, 0.060094, 0.984115, 3.767354, 9.223784, 1.111380

0.002418, 0.367712, 0.030180, -0.142340, 0.050413, 0.988533, 3.415637, 8.389467, 0.996582

0.058346, 0.185147, 0.050841, -0.120538, 0.064857, 0.990588, 3.471243, 7.594773, 0.944029

-0.003974, 0.181019, 0.071501, -0.122497, 0.058950, 0.990717, 3.437160, 7.169234, 0.845533

0.029716, 0.141470, 0.022264, -0.145581, 0.038038, 0.988615, 2.906183, 7.489775, 0.747130

0.042633, 0.318043, -0.096870, -0.110798, 0.063098, 0.991838, 3.162567, 6.668758, 0.876694

0.044364, 0.283954, -0.079685, -0.086398, 0.057873, 0.994578, 3.186797, 5.653978, 0.957927

0.065270, 0.153322, -0.023111, -0.084557, 0.066062, 0.994226, 3.359588, 5.155792, 0.998167

0.031047, 0.081681, -0.003996, -0.090948, 0.042563, 0.994946, 2.960006, 5.087179, 0.964783

0.049424, 0.209516, -0.038751, -0.088341, 0.050387, 0.994815, 2.881964, 4.837524, 0.994877

0.084179, 0.238945, -0.076016, -0.074643, 0.042477, 0.996305, 2.615145, 4.337153, 1.054642

0.132917, 0.363319, -0.065204, -0.058770, 0.044046, 0.997299, 2.432209, 3.530765, 1.109096

-0.020619, -0.001679, 0.015506, -0.046605, 0.067723, 0.996615, 3.037088, 3.190006, 1.125460

0.029316, 0.002716, 0.003728, -0.056217, 0.041683, 0.997548, 2.745514, 3.200231, 1.106654

0.035176, 0.009241, 0.000252, -0.048971, 0.036541, 0.998132, 2.445563, 3.032398, 1.091804

0.040236, 0.007776, -0.006699, -0.051071, 0.027662, 0.998312, 2.056494, 2.981275, 1.081113

0.014402, 0.010572, -0.004189, -0.050342, 0.024793, 0.998424, 1.786604, 2.930781, 1.072409

0.004282, 0.004846, 0.002955, -0.047340, 0.035789, 0.998238, 1.888206, 2.838387, 1.074220

-0.007436, 0.007510, -0.006506, -0.028722, 0.021441, 0.999357, 1.633303, 2.352643, 1.069414

0.186448, 0.022024, 0.000638, -0.039949, -0.027197, 0.998832, 0.143032, 2.302943, 1.016202

0.007212, -0.000480, 0.006045, -0.050280, 0.023766, 0.998452, 0.622500, 2.535300, 1.029852

0.004415, -0.003410, -0.002065, -0.046421, 0.031842, 0.998414, 1.099161, 2.589465, 1.053792

-0.000245, -0.002078, -0.001099, -0.046571, 0.027914, 0.998525, 1.300346, 2.623776, 1.064233

-0.001976, -0.001013, -0.005926, -0.052040, 0.033614, 0.998079, 1.554303, 2.768490, 1.082883

0.005880, 0.001784, -0.005154, -0.051708, 0.023535, 0.998385, 1.466301, 2.844479, 1.084741

0.004016, -0.001279, 0.007203, -0.051140, 0.030684, 0.998220, 1.579015, 2.880938, 1.082395

-0.001311, 0.004181, -0.004382, -0.052440, 0.027842, 0.998236, 1.588214, 2.926030, 1.087666

0.002950, 0.005778, -0.004575, -0.055793, 0.027556, 0.998062, 1.582416, 3.028202, 1.092588

0.001486, 0.006178, -0.002065, -0.053723, 0.026523, 0.998204, 1.556670, 3.041610, 1.093482

0.001219, -0.004475, -0.001292, -0.043941, 0.037500, 0.998330, 1.793212, 2.837465, 1.107304

0.004815, -0.006073, -0.008823, -0.046139, 0.028682, 0.998523, 1.729036, 2.766927, 1.114750

-0.001710, 0.002982, 0.003149, -0.054292, 0.030768, 0.998051, 1.745510, 2.901730, 1.111765

-0.003042, 0.000319, -0.002644, -0.054475, 0.029862, 0.998069, 1.736447, 2.989681, 1.114136

0.000154, 0.001650, -0.006506, -0.056903, 0.021658, 0.998145, 1.539319, 3.096555, 1.111065

0.002418, -0.000347, 0.002376, -0.055285, 0.025778, 0.998138, 1.512433, 3.126091, 1.107048

0.002551, 0.000718, -0.005733, -0.050514, 0.023866, 0.998438, 1.452592, 3.032856, 1.110529

-0.000379, -0.001679, 0.000252, -0.050667, 0.033983, 0.998137, 1.651972, 2.983377, 1.120729

0.000687, -0.004076, -0.007085, -0.051601, 0.026454, 0.998317, 1.597982, 2.977589, 1.126202

-0.001444, 0.000718, 0.005852, -0.052263, 0.028755, 0.998219, 1.620108, 2.984237, 1.120549

-0.001710, 0.000585, -0.003223, -0.051739, 0.032011, 0.998147, 1.708955, 2.976072, 1.128735

-0.002776, -0.002744, 0.006817, -0.050244, 0.029740, 0.998294, 1.710718, 2.941001, 1.120956

0.002817, -0.002611, 0.001990, -0.050528, 0.022467, 0.998470, 1.538692, 2.926173, 1.110131

-0.003441, 0.002050, 0.003535, -0.052128, 0.024705, 0.998335, 1.493969, 2.948696, 1.103531

-0.000245, 0.001384, -0.007278, -0.048456, 0.032860, 0.998285, 1.651215, 2.878394, 1.119794

0.001619, 0.000319, -0.001099, -0.044924, 0.030546, 0.998523, 1.689817, 2.756558, 1.123031

0.001086, -0.001945, -0.002258, -0.052259, 0.027756, 0.998248, 1.649844, 2.854326, 1.123783

-0.003441, 0.000851, -0.005540, -0.052929, 0.028075, 0.998204, 1.638599, 2.925043, 1.129330

-0.004373, -0.003410, 0.006624, -0.049138, 0.035656, 0.998155, 1.806141, 2.885792, 1.130100

-0.000245, 0.000718, 0.003149, -0.054541, 0.030896, 0.998033, 1.793035, 2.981380, 1.125788

0.000820, 0.006444, -0.005347, -0.044856, 0.026539, 0.998641, 1.684063, 2.809649, 1.126218

-0.000911, -0.001013, 0.005466, -0.046182, 0.025711, 0.998602, 1.601129, 2.745920, 1.115929

0.001086, 0.002183, -0.003609, -0.052203, 0.028726, 0.998223, 1.618958, 2.841872, 1.120918
