0.00, -0.00, -0.00, -0.02, 0.01, 1.00, -0.26, -0.32, 0.91, 1.79, -0.14, 152.18

-0.00, -0.00, -0.00, -0.02, 0.01, 1.00, -0.29, -0.28, 0.92, 2.28, 0.08, 152.36

0.00, -0.00, 0.00, -0.02, 0.01, 1.00, -0.29, -0.28, 0.92, 2.48, 0.11, 152.48

0.00, -0.00, -0.00, -0.01, 0.01, 1.00, -0.29, -0.28, 0.92, 2.46, -0.02, 152.59

-0.00, 0.00, -0.00, -0.02, 0.01, 1.00, -0.32, -0.30, 0.90, 2.20, 0.50, 152.76

0.00, -0.00, 0.00, -0.02, 0.01, 1.00, -0.32, -0.30, 0.90, 2.06, 0.51, 152.89

0.00, 0.00, 0.00, -0.02, 0.01, 1.00, -0.32, -0.30, 0.90, 2.07, 0.49, 153.02

-0.00, 0.00, 0.01, -0.02, 0.00, 1.00, -0.28, -0.32, 0.91, 1.82, 0.16, 152.95

0.00, -0.00, 0.00, -0.02, 0.01, 1.00, -0.28, -0.32, 0.91, 1.78, 0.12, 152.92

-0.00, -0.00, -0.00, -0.02, 0.01, 1.00, -0.29, -0.32, 0.90, 1.76, 0.17, 152.94

0.00, 0.00, 0.00, -0.02, 0.01, 1.00, -0.29, -0.32, 0.90, 1.78, 0.27, 152.94

-0.00, 0.00, -0.00, -0.02, 0.01, 1.00, -0.29, -0.32, 0.90, 1.87, 0.27, 152.95

-0.00, -0.00, 0.00, -0.02, 0.01, 1.00, -0.30, -0.32, 0.90, 1.87, 0.29, 153.01

0.00, -0.00, -0.01, -0.02, 0.01, 1.00, -0.30, -0.32, 0.90, 1.75, 0.33, 153.07

0.00, -0.00, 0.01, -0.02, 0.01, 1.00, -0.30, -0.32, 0.90, 1.77, 0.37, 153.12

-0.00, -0.00, 0.00, -0.02, 0.01, 1.00, -0.30, -0.30, 0.91, 2.02, 0.24, 153.19

0.00, -0.00, -0.00, -0.02, 0.01, 1.00, -0.30, -0.30, 0.91, 2.07, 0.18, 153.26

-0.00, -0.00, 0.00, -0.01, 0.02, 1.00, -0.30, -0.30, 0.91, 2.23, 0.08, 153.33

-0.00, 0.00, -0.00, -0.02, 0.00, 1.00, -0.31, -0.32, 0.90, 1.78, 0.31, 153.38

-0.00, -0.00, 0.00, -0.02, 0.00, 1.00, -0.31, -0.32, 0.90, 1.55, 0.33, 153.43

0.00, 0.00, -0.01, -0.02, 0.01, 1.00, -0.30, -0.31, 0.90, 1.75, 0.37, 153.49

0.00, 0.00, -0.01, -0.02, 0.01, 1.00, -0.30, -0.31, 0.90, 1.72, 0.36, 153.54

0.00, -0.00, 0.00, -0.02, 0.01, 1.00, -0.30, -0.31, 0.90, 1.72, 0.31, 153.58

-0.00, 0.00, -0.00, -0.02, 0.01, 1.00, -0.31, -0.31, 0.90, 1.73, 0.48, 153.66

0.00, -0.00, -0.00, -0.02, 0.01, 1.00, -0.31, -0.31, 0.90, 1.70, 0.36, 153.71

0.00, -0.00, 0.00, -0.02, 0.02, 1.00, -0.31, -0.31, 0.90, 1.87, 0.38, 153.78

-0.01, 0.00, 0.01, -0.02, 0.01, 1.00, -0.33, -0.29, 0.90, 2.00, 0.55, 153.98

-0.00, -0.00, 0.00, -0.02, 0.00, 1.00, -0.33, -0.29, 0.90, 1.96, 0.62, 154.17

0.00, -0.01, 0.00, -0.02, 0.02, 1.00, -0.30, -0.32, 0.90, 1.90, 0.39, 154.14

-0.00, 0.00, -0.00, -0.02, 0.01, 1.00, -0.30, -0.32, 0.90, 1.86, 0.38, 154.13

-0.00, -0.01, 0.01, -0.02, 0.01, 1.00, -0.30, -0.32, 0.90, 1.72, 0.27, 154.12

0.00, -0.00, 0.00, -0.02, 0.01, 1.00, -0.28, -0.31, 0.91, 1.83, 0.07, 154.03

0.00, -0.00, 0.00, -0.02, 0.01, 1.00, -0.28, -0.31, 0.91, 1.86, -0.11, 153.95

0.00, -0.00, -0.00, -0.02, 0.01, 1.00, -0.28, -0.31, 0.91, 1.77, -0.19, 153.89

0.00, 0.00, -0.01, -0.01, 0.01, 1.00, -0.29, -0.31, 0.90, 1.85, -0.19, 153.92

-0.00, -0.00, -0.00, -0.02, 0.01, 1.00, -0.29, -0.31, 0.90, 1.82, -0.06, 153.93

0.00, -0.00, 0.00, -0.02, 0.01, 1.00, -0.29, -0.31, 0.90, 1.80, 0.03, 153.93

-0.00, -0.00, 0.00, -0.02, 0.01, 1.00, -0.29, -0.34, 0.90, 1.61, 0.07, 153.83

-0.00, 0.00, 0.00, -0.02, 0.01, 1.00, -0.29, -0.34, 0.90, 1.49, 0.06, 153.75

0.00, -0.00, 0.00, -0.02, 0.01, 1.00, -0.28, -0.30, 0.91, 1.88, 0.09, 153.77

0.00, -0.00, 0.01, -0.02, 0.01, 1.00, -0.28, -0.30, 0.91, 1.95, 0.11, 153.76

-0.00, -0.00, 0.00, -0.02, 0.01, 1.00, -0.28, -0.30, 0.91, 2.03, 0.08, 153.75

-0.00, 0.00, 0.00, -0.02, 0.01, 1.00, -0.31, -0.31, 0.90, 1.95, 0.16, 153.80

0.00, 0.00, 0.00, -0.02, 0.01, 1.00, -0.31, -0.31, 0.90, 1.90, 0.33, 153.86

-0.00, 0.00, -0.00, -0.02, 0.01, 1.00, -0.31, -0.31, 0.90, 1.89, 0.32, 153.90

0.00, 0.00, -0.00, -0.02, 0.01, 1.00, -0.27, -0.32, 0.91, 1.71, -0.15, 153.76

-0.00, 0.00, -0.00, -0.02, 0.01, 1.00, -0.27, -0.32, 0.91, 1.74, -0.25, 153.67

-0.00, 0.00, -0.00, -0.02, 0.01, 1.00, -0.32, -0.32, 0.89, 1.71, 0.27, 153.78

-0.00, -0.00, -0.01, -0.02, 0.01, 1.00, -0.32, -0.32, 0.89, 1.63, 0.35, 153.87

-0.00, 0.00, -0.00, -0.02, 0.01, 1.00, -0.32, -0.32, 0.89, 1.60, 0.52, 153.94

0.00, -0.00, -0.00, -0.02, 0.01, 1.00, -0.32, -0.33, 0.89, 1.43, 0.47, 153.96

-0.00, -0.01, -0.00, -0.02, 0.01, 1.00, -0.32, -0.33, 0.89, 1.36, 0.47, 154.01

0.00, -0.00, 0.01, -0.02, 0.01, 1.00, -0.32, -0.33, 0.89, 1.32, 0.53, 154.04

-0.00, 0.00, 0.00, -0.01, 0.01, 1.00, -0.29, -0.32, 0.90, 1.55, 0.08, 153.99

0.00, 0.00, -0.00, -0.02, 0.01, 1.00, -0.29, -0.32, 0.90, 1.56, -0.06, 153.97

0.00, 0.00, 0.00, -0.02, 0.01, 1.00, -0.29, -0.32, 0.90, 1.68, -0.07, 153.96

0.00, 0.00, -0.00, -0.01, 0.01, 1.00, -0.28, -0.32, 0.90, 1.73, -0.24, 153.87

0.00, 0.00, 0.00, -0.02, 0.01, 1.00, -0.28, -0.32, 0.90, 1.64, -0.09, 153.80

0.00, -0.00, -0.00, -0.02, 0.01, 1.00, -0.29, -0.31, 0.90, 1.69, 0.05, 153.82

0.00, -0.00, -0.00, -0.02, 0.01, 1.00, -0.29, -0.31, 0.90, 1.73, -0.05, 153.83

0.00, -0.01, -0.01, -0.02, 0.01, 1.00, -0.29, -0.31, 0.90, 1.82, -0.08, 153.85

-0.00, 0.01, -0.00, -0.02, 0.01, 1.00, -0.30, -0.30, 0.91, 1.85, 0.10, 153.92

0.00, -0.00, -0.01, -0.02, 0.01, 1.00, -0.30, -0.30, 0.91, 1.91, 0.14, 153.98

-0.00, -0.00, -0.00, -0.02, 0.01, 1.00, -0.30, -0.30, 0.91, 1.95, 0.25, 154.03

0.00, -0.00, 0.00, -0.02, 0.01, 1.00, -0.31, -0.31, 0.90, 1.86, 0.27, 154.10

-0.00, 0.00, 0.00, -0.02, 0.01, 1.00, -0.31, -0.31, 0.90, 1.92, 0.28, 154.17

-0.00, -0.00, -0.01, -0.02, 0.01, 1.00, -0.30, -0.32, 0.90, 1.66, 0.14, 154.15

0.00, -0.00, 0.00, -0.02, 0.01, 1.00, -0.30, -0.32, 0.90, 1.70, 0.19, 154.14

0.00, -0.00, 0.00, -0.02, 0.01, 1.00, -0.30, -0.32, 0.90, 1.78, 0.14, 154.13

0.00, 0.00, 0.00, -0.02, 0.01, 1.00, -0.29, -0.32, 0.90, 1.71, 0.17, 154.11

-0.00, -0.00, 0.00, -0.02, 0.01, 1.00, -0.29, -0.32, 0.90, 1.65, 0.19, 154.10

-0.00, 0.00, 0.00, -0.02, 0.01, 1.00, -0.29, -0.32, 0.90, 1.79, 0.13, 154.08

0.00, -0.00, -0.00, -0.02, 0.01, 1.00, -0.31, -0.30, 0.90, 2.04, 0.25, 154.20

0.00, 0.00, -0.00, -0.02, 0.01, 1.00, -0.31, -0.30, 0.90, 2.09, 0.25, 154.30

-0.00, 0.00, 0.00, -0.02, 0.01, 1.00, -0.31, -0.30, 0.90, 2.18, 0.28, 154.38

0.00, 0.00, -0.00, -0.01, 0.02, 1.00, -0.28, -0.32, 0.91, 2.18, -0.10, 154.26

-0.00, 0.00, -0.00, -0.03, 0.01, 1.00, -0.28, -0.32, 0.91, 2.02, 0.03, 154.17

-0.00, 0.00, 0.01, -0.02, 0.01, 1.00, -0.31, -0.32, 0.89, 1.77, 0.22, 154.19

-0.00, 0.00, 0.00, -0.01, 0.01, 1.00, -0.31, -0.32, 0.89, 1.63, 0.22, 154.21

0.00, 0.00, 0.00, -0.01, 0.01, 1.00, -0.31, -0.32, 0.89, 1.57, 0.20, 154.23

-0.00, -0.00, 0.00, -0.02, 0.01, 1.00, -0.31, -0.31, 0.90, 1.67, 0.29, 154.29

-0.00, -0.00, -0.00, -0.02, 0.01, 1.00, -0.31, -0.31, 0.90, 1.62, 0.35, 154.33

-0.00, -0.00, -0.00, -0.02, 0.01, 1.00, -0.31, -0.31, 0.90, 1.70, 0.31, 154.37

0.00, 0.00, -0.00, -0.02, 0.01, 1.00, -0.31, -0.33, 0.89, 1.50, 0.33, 154.35

-0.00, -0.00, 0.00, -0.02, 0.01, 1.00, -0.31, -0.33, 0.89, 1.51, 0.44, 154.34

0.00, 0.00, -0.00, -0.02, 0.01, 1.00, -0.30, -0.31, 0.90, 1.68, 0.35, 154.38

0.00, 0.00, 0.00, -0.02, 0.01, 1.00, -0.30, -0.31, 0.90, 1.78, 0.31, 154.41

0.00, 0.00, -0.00, -0.02, 0.01, 1.00, -0.30, -0.31, 0.90, 1.83, 0.18, 154.45

-0.00, -0.00, -0.01, -0.02, 0.01, 1.00, -0.31, -0.33, 0.89, 1.45, 0.29, 154.43

-0.00, 0.00, 0.00, -0.02, 0.01, 1.00, -0.31, -0.33, 0.89, 1.46, 0.42, 154.42

0.00, -0.00, 0.00, -0.02, 0.01, 1.00, -0.31, -0.33, 0.89, 1.39, 0.41, 154.40

-0.00, 0.01, 0.00, -0.02, 0.02, 1.00, -0.29, -0.31, 0.91, 1.83, 0.07, 154.37

-0.00, 0.00, -0.00, -0.02, 0.01, 1.00, -0.29, -0.31, 0.91, 1.84, -0.06, 154.35

-0.00, -0.00, -0.00, -0.02, 0.01, 1.00, -0.29, -0.31, 0.91, 1.75, 0.00, 154.33

0.00, 0.00, -0.00, -0.02, 0.02, 1.00, -0.29, -0.33, 0.90, 1.73, 0.03, 154.26

-0.00, 0.00, 0.00, -0.02, 0.01, 1.00, -0.29, -0.33, 0.90, 1.59, 0.07, 154.18

0.00, 0.00, 0.00, -0.02, 0.01, 1.00, -0.30, -0.35, 0.89, 1.34, 0.31, 154.09

-0.00, -0.00, 0.00, -0.01, 0.01, 1.00, -0.30, -0.35, 0.89, 1.20, 0.18, 154.00

-0.00, -0.00, -0.00, -0.02, 0.01, 1.00, -0.30, -0.35, 0.89, 1.12, 0.26, 153.93

0.00, -0.00, -0.00, -0.02, 0.01, 1.00, -0.27, -0.32, 0.91, 1.49, 0.02, 153.86

-0.00, 0.00, -0.01, -0.02, 0.01, 1.00, -0.27, -0.32, 0.91, 1.74, -0.17, 153.80

0.00, 0.00, 0.00, -0.02, 0.01, 1.00, -0.27, -0.32, 0.91, 1.77, -0.21, 153.72

-0.00, 0.00, -0.00, -0.02, 0.01, 1.00, -0.28, -0.31, 0.91, 1.88, -0.12, 153.73

-0.00, -0.00, -0.00, -0.02, 0.01, 1.00, -0.28, -0.31, 0.91, 1.95, 0.03, 153.72

-0.00, 0.00, 0.00, -0.02, 0.02, 1.00, -0.30, -0.32, 0.90, 1.92, 0.19, 153.71

-0.00, 0.00, 0.00, -0.02, 0.01, 1.00, -0.30, -0.32, 0.90, 1.89, 0.12, 153.70

0.00, -0.00, -0.01, -0.02, 0.01, 1.00, -0.30, -0.32, 0.90, 1.75, 0.13, 153.71

-0.00, -0.00, 0.01, -0.02, 0.01, 1.00, -0.28, -0.32, 0.90, 1.82, 0.02, 153.64

-0.00, 0.00, -0.00, -0.02, 0.01, 1.00, -0.28, -0.32, 0.90, 1.76, -0.10, 153.60

0.00, -0.00, 0.00, -0.02, 0.01, 1.00, -0.28, -0.32, 0.90, 1.75, -0.16, 153.56

-0.00, 0.00, 0.00, -0.02, 0.01, 1.00, -0.30, -0.31, 0.90, 1.83, 0.08, 153.66

0.00, -0.00, -0.01, -0.02, 0.02, 1.00, -0.30, -0.31, 0.90, 2.09, 0.19, 153.75

-0.00, -0.00, 0.00, -0.02, 0.01, 1.00, -0.30, -0.31, 0.90, 1.99, 0.24, 153.80

-0.00, -0.01, 0.00, -0.02, 0.01, 1.00, -0.32, -0.30, 0.90, 2.08, 0.40, 153.95

-0.00, -0.00, -0.00, -0.02, 0.01, 1.00, -0.32, -0.30, 0.90, 2.02, 0.61, 154.08

0.00, 0.00, 0.01, -0.02, 0.01, 1.00, -0.29, -0.32, 0.90, 1.85, 0.18, 153.95

0.00, -0.00, -0.00, -0.02, 0.02, 1.00, -0.29, -0.32, 0.90, 1.85, 0.12, 153.88

0.00, -0.01, 0.00, -0.02, 0.01, 1.00, -0.29, -0.32, 0.90, 1.78, -0.04, 153.81

0.00, -0.00, -0.01, -0.02, 0.02, 1.00, -0.31, -0.32, 0.89, 1.82, 0.31, 153.91

-0.00, -0.00, -0.00, -0.02, 0.01, 1.00, -0.31, -0.32, 0.89, 1.74, 0.46, 153.97

0.00, 0.00, -0.01, -0.02, 0.01, 1.00, -0.31, -0.32, 0.89, 1.78, 0.48, 154.03

0.00, 0.00, -0.00, -0.02, 0.01, 1.00, -0.29, -0.31, 0.91, 1.75, 0.10, 153.97

-0.00, -0.00, 0.00, -0.02, 0.01, 1.00, -0.29, -0.31, 0.91, 1.83, -0.08, 153.93

-0.00, -0.00, -0.01, -0.02, 0.01, 1.00, -0.28, -0.30, 0.91, 1.97, -0.09, 153.94

0.00, -0.00, -0.00, -0.02, 0.02, 1.00, -0.29, -0.30, 0.91, 2.14, -0.09, 153.97

0.00, 0.00, -0.01, -0.02, 0.01, 1.00, -0.29, -0.30, 0.91, 2.07, -0.02, 153.99

0.00, -0.00, -0.00, -0.03, 0.01, 1.00, -0.28, -0.32, 0.91, 1.89, 0.05, 153.92

0.00, -0.00, -0.00, -0.02, 0.01, 1.00, -0.28, -0.32, 0.91, 1.91, -0.12, 153.86

0.00, -0.00, 0.00, -0.02, 0.01, 1.00, -0.28, -0.32, 0.91, 1.81, -0.14, 153.80

-0.00, 0.00, -0.00, -0.02, 0.01, 1.00, -0.30, -0.31, 0.90, 1.85, 0.14, 153.86

-0.00, -0.00, 0.00, -0.02, 0.02, 1.00, -0.30, -0.31, 0.90, 1.95, 0.22, 153.90

-0.00, -0.00, 0.00, -0.02, 0.01, 1.00, -0.30, -0.31, 0.90, 1.85, 0.33, 153.91

0.00, -0.00, -0.01, -0.02, 0.01, 1.00, -0.30, -0.31, 0.90, 1.88, 0.25, 153.93

-0.00, 0.00, 0.00, -0.02, 0.01, 1.00, -0.30, -0.31, 0.90, 1.80, 0.23, 153.94

-0.00, 0.00, -0.00, -0.02, 0.01, 1.00, -0.31, -0.32, 0.90, 1.71, 0.42, 153.97

-0.00, 0.00, -0.00, -0.02, 0.01, 1.00, -0.31, -0.32, 0.90, 1.77, 0.40, 153.99

-0.00, -0.00, 0.01, -0.02, 0.01, 1.00, -0.31, -0.32, 0.90, 1.73, 0.48, 154.00

0.00, -0.00, -0.00, -0.02, 0.01, 1.00, -0.30, -0.31, 0.90, 1.81, 0.37, 154.01

-0.00, -0.00, -0.01, -0.02, 0.01, 1.00, -0.30, -0.31, 0.90, 1.82, 0.30, 154.02

0.00, -0.00, 0.00, -0.02, 0.01, 1.00, -0.30, -0.31, 0.90, 1.82, 0.32, 154.03

0.00, -0.00, -0.00, -0.02, 0.01, 1.00, -0.30, -0.30, 0.91, 2.07, 0.13, 154.10

0.00, 0.01, -0.00, -0.03, 0.01, 1.00, -0.30, -0.30, 0.91, 2.19, 0.27, 154.17

0.00, 0.00, 0.00, -0.02, 0.01, 1.00, -0.30, -0.30, 0.91, 2.16, 0.15, 154.21

0.00, 0.00, -0.00, -0.02, 0.01, 1.00, -0.30, -0.33, 0.89, 1.75, 0.29, 154.15

-0.00, 0.00, 0.01, -0.02, 0.00, 1.00, -0.30, -0.33, 0.89, 1.41, 0.22, 154.09

-0.02, -0.00, -0.01, -0.02, 0.01, 1.00, -0.30, -0.33, 0.90, 1.49, 0.30, 154.08

-0.01, 0.00, -0.00, -0.02, 0.01, 1.00, -0.30, -0.33, 0.90, 1.57, 0.27, 154.05

-0.01, -0.00, -0.00, -0.02, 0.02, 1.00, -0.30, -0.33, 0.90, 1.68, 0.30, 154.02

-0.00, -0.00, 0.00, -0.02, 0.01, 1.00, -0.31, -0.33, 0.89, 1.64, 0.33, 154.01

0.00, -0.01, 0.01, -0.02, 0.01, 1.00, -0.31, -0.33, 0.89, 1.59, 0.44, 154.01

0.00, 0.00, 0.00, -0.02, 0.00, 1.00, -0.31, -0.33, 0.89, 1.44, 0.43, 154.00

-0.00, -0.00, -0.00, -0.02, 0.01, 1.00, -0.30, -0.31, 0.90, 1.67, 0.25, 154.03

-0.00, 0.00, 0.01, -0.01, 0.01, 1.00, -0.30, -0.31, 0.90, 1.83, 0.05, 154.04

0.00, -0.00, 0.00, -0.02, 0.01, 1.00, -0.29, -0.31, 0.90, 1.85, 0.01, 154.03

-0.00, 0.00, 0.00, -0.02, 0.02, 1.00, -0.29, -0.31, 0.90, 1.94, -0.06, 154.02

0.00, -0.00, 0.00, -0.02, 0.01, 1.00, -0.29, -0.31, 0.90, 1.89, -0.08, 154.01

0.00, -0.00, 0.00, -0.02, 0.01, 1.00, -0.31, -0.32, 0.90, 1.69, 0.22, 154.05

0.00, 0.00, 0.01, -0.02, 0.01, 1.00, -0.31, -0.32, 0.90, 1.75, 0.41, 154.07

0.00, -0.01, -0.01, -0.02, 0.01, 1.00, -0.31, -0.32, 0.90, 1.69, 0.41, 154.09

0.01, 0.00, 0.01, -0.02, 0.01, 1.00, -0.31, -0.32, 0.90, 1.73, 0.42, 154.13

-0.00, -0.00, -0.01, -0.02, 0.01, 1.00, -0.31, -0.32, 0.90, 1.71, 0.43, 154.17

-0.00, 0.00, 0.00, -0.01, 0.02, 1.00, -0.31, -0.32, 0.90, 1.80, 0.32, 154.20

-0.01, -0.00, 0.00, -0.01, 0.01, 1.00, -0.31, -0.33, 0.89, 1.69, 0.24, 154.18

-0.00, 0.00, -0.00, -0.01, 0.02, 1.00, -0.31, -0.33, 0.89, 1.69, 0.20, 154.18

-0.00, -0.00, -0.00, -0.02, 0.01, 1.00, -0.32, -0.31, 0.90, 1.77, 0.43, 154.27

-0.00, -0.00, 0.00, -0.02, 0.01, 1.00, -0.32, -0.31, 0.90, 1.85, 0.48, 154.33

-0.01, -0.00, -0.00, -0.02, 0.02, 1.00, -0.32, -0.31, 0.90, 1.93, 0.45, 154.38

0.02, -0.00, 0.01, -0.02, 0.00, 1.00, -0.29, -0.31, 0.91, 1.70, 0.10, 154.31

-0.00, -0.00, -0.00, -0.01, 0.02, 1.00, -0.29, -0.31, 0.91, 2.04, -0.13, 154.29

0.00, -0.00, 0.01, -0.02, 0.01, 1.00, -0.29, -0.31, 0.91, 1.90, -0.09, 154.26

-0.00, -0.00, -0.00, -0.02, 0.01, 1.00, -0.32, -0.31, 0.89, 1.69, 0.44, 154.40

-0.00, 0.00, -0.01, -0.02, 0.01, 1.00, -0.32, -0.31, 0.89, 1.77, 0.55, 154.51

-0.03, -0.00, -0.00, -0.02, 0.01, 1.00, -0.33, -0.31, 0.89, 1.78, 0.60, 154.60

-0.02, -0.00, 0.00, -0.02, 0.01, 1.00, -0.26, -0.32, 0.91, 1.75, -0.08, 154.36

0.01, -0.00, 0.00, -0.02, 0.02, 1.00, -0.26, -0.32, 0.91, 1.95, -0.26, 154.18

0.03, 0.00, -0.02, -0.01, 0.01, 1.00, -0.29, -0.32, 0.90, 1.82, -0.34, 154.18

0.02, 0.01, -0.03, -0.02, -0.01, 1.00, -0.29, -0.32, 0.90, 1.29, -0.12, 154.21

-0.02, 0.01, -0.13, -0.01, 0.02, 1.00, -0.29, -0.32, 0.90, 1.65, -0.17, 154.36

-0.02, 0.01, -0.16, -0.01, 0.00, 1.00, -0.28, -0.31, 0.91, 1.67, -0.48, 154.52

-0.01, 0.01, -0.28, -0.02, 0.02, 1.00, -0.28, -0.31, 0.91, 2.11, -0.46, 154.81

-0.00, -0.00, -0.39, -0.01, 0.01, 1.00, -0.28, -0.31, 0.91, 1.92, -0.50, 155.20

0.12, 0.01, -0.89, -0.00, 0.02, 1.00, -0.29, -0.29, 0.91, 2.16, -0.70, 156.28

0.08, 0.01, -1.37, -0.02, 0.02, 1.00, -0.29, -0.29, 0.91, 2.24, -0.50, 157.86

0.06, 0.01, -1.42, -0.01, -0.00, 1.00, -0.32, -0.32, 0.89, 1.23, -0.34, 159.39

0.05, 0.02, -1.75, -0.01, -0.03, 1.00, -0.32, -0.32, 0.89, 0.13, -0.41, 161.27

0.06, 0.03, -2.34, -0.05, 0.01, 1.00, -0.32, -0.32, 0.89, 0.51, 0.25, 163.81

-0.04, 0.00, -1.85, -0.02, 0.06, 1.00, -0.34, -0.28, 0.90, 2.07, -0.10, 165.86

-0.05, 0.00, -1.46, -0.01, -0.04, 1.00, -0.34, -0.28, 0.90, 0.25, -0.63, 167.30

0.02, 0.02, -2.06, -0.02, -0.04, 1.00, -0.34, -0.28, 0.90, -0.76, -0.54, 169.50

-0.02, 0.02, -2.11, -0.04, -0.00, 1.00, -0.37, -0.27, 0.89, -0.19, 0.17, 171.91

-0.01, 0.01, -1.92, -0.01, -0.00, 1.00, -0.37, -0.27, 0.89, -0.12, -0.38, 173.90

0.04, 0.03, -2.48, -0.06, -0.04, 1.00, -0.42, -0.23, 0.88, -0.70, 0.99, 176.79

-0.08, 0.01, -1.86, -0.01, 0.02, 1.00, -0.42, -0.23, 0.88, 0.22, 0.27, 178.84

-0.07, -0.00, -1.69, 0.02, 0.08, 1.00, -0.42, -0.23, 0.88, 1.72, -0.71, -179.45

0.01, 0.03, -1.58, -0.03, -0.01, 1.00, -0.41, -0.14, 0.90, 1.14, -0.42, -177.60

-0.00, 0.00, -1.20, -0.01, 0.01, 1.00, -0.41, -0.14, 0.90, 1.16, -0.61, -176.24

0.09, 0.02, -1.98, -0.04, 0.01, 1.00, -0.41, -0.14, 0.90, 1.01, -0.13, -174.04

-0.01, 0.00, -1.03, -0.02, 0.03, 1.00, -0.44, -0.13, 0.89, 1.35, -0.15, -172.89

-0.02, -0.01, -1.48, 0.03, 0.03, 1.00, -0.44, -0.13, 0.89, 1.46, -1.28, -171.32

0.13, 0.02, -2.29, -0.04, -0.03, 1.00, -0.43, -0.08, 0.90, 0.23, -0.32, -168.59

0.05, 0.01, -1.74, 0.00, -0.02, 1.00, -0.46, -0.08, 0.89, -0.21, -0.56, -166.50

0.05, 0.01, -1.64, -0.01, 0.00, 1.00, -0.46, -0.08, 0.89, 0.04, -0.44, -164.57

0.08, 0.03, -1.44, -0.02, -0.03, 1.00, -0.47, -0.02, 0.88, -0.36, 0.04, -162.67

0.02, 0.02, -1.52, -0.00, -0.02, 1.00, -0.47, -0.02, 0.88, -0.41, -0.28, -160.73

0.00, 0.03, -1.73, -0.04, -0.02, 1.00, -0.47, -0.02, 0.88, -0.40, 0.33, -158.64

-0.03, 0.02, -1.40, -0.03, -0.03, 1.00, -0.46, 0.02, 0.89, -0.47, 0.31, -156.79

0.03, 0.02, -1.51, 0.00, -0.02, 1.00, -0.46, 0.02, 0.89, -0.54, -0.48, -154.89

0.01, 0.02, -1.47, -0.01, 0.01, 1.00, -0.46, 0.02, 0.89, 0.06, -0.46, -153.11

0.01, 0.03, -1.59, -0.05, -0.01, 1.00, -0.43, 0.11, 0.90, 0.60, 0.06, -150.85

-0.02, 0.01, -1.40, -0.00, 0.02, 1.00, -0.43, 0.11, 0.90, 1.22, -0.75, -148.95

-0.04, 0.01, -1.47, -0.02, -0.04, 1.00, -0.44, 0.11, 0.89, 0.13, -0.64, -147.11

0.03, 0.03, -2.11, -0.05, 0.00, 1.00, -0.44, 0.11, 0.89, 0.27, 0.24, -144.53

0.01, 0.02, -1.45, -0.02, 0.01, 1.00, -0.44, 0.11, 0.89, 0.33, -0.20, -142.82

0.02, 0.01, -0.99, -0.02, -0.02, 1.00, -0.45, 0.16, 0.88, 0.07, -0.13, -141.41

0.05, 0.02, -1.15, -0.02, -0.02, 1.00, -0.45, 0.16, 0.88, -0.17, 0.02, -139.87

-0.00, 0.03, -1.13, -0.05, -0.02, 1.00, -0.45, 0.16, 0.88, -0.34, 0.76, -138.40

-0.07, 0.03, -1.46, -0.02, 0.01, 1.00, -0.41, 0.18, 0.90, 0.45, -0.11, -136.41

-0.07, 0.01, -1.41, -0.02, -0.03, 1.00, -0.41, 0.18, 0.90, -0.31, -0.47, -134.66

0.02, 0.03, -1.45, -0.03, 0.01, 1.00, -0.37, 0.22, 0.91, 0.19, -0.61, -132.62

-0.08, 0.00, -0.93, -0.00, -0.01, 1.00, -0.37, 0.22, 0.91, 0.02, -1.25, -131.31

-0.08, 0.02, -1.15, -0.03, -0.01, 1.00, -0.37, 0.22, 0.91, -0.12, -0.80, -129.81

-0.13, 0.02, -1.04, -0.02, 0.02, 1.00, -0.38, 0.24, 0.89, 0.68, -0.65, -128.40

-0.08, 0.02, -1.24, -0.03, -0.01, 1.00, -0.38, 0.24, 0.89, 0.10, -0.30, -126.86

-0.07, 0.02, -1.08, -0.01, 0.01, 1.00, -0.38, 0.24, 0.89, 0.29, -0.54, -125.53

-0.01, -0.00, -0.74, -0.01, 0.02, 1.00, -0.30, 0.29, 0.91, 0.92, -1.42, -124.21

-0.04, 0.01, -0.57, -0.03, 0.03, 1.00, -0.30, 0.29, 0.91, 1.21, -1.35, -123.22

-0.03, 0.01, -0.22, -0.02, 0.02, 1.00, -0.30, 0.29, 0.91, 0.97, -1.50, -122.68

-0.00, 0.00, -0.03, -0.02, 0.01, 1.00, -0.28, 0.29, 0.91, 0.66, -1.71, -122.30

-0.01, -0.00, -0.00, -0.02, 0.02, 1.00, -0.28, 0.29, 0.91, 0.73, -1.79, -121.96

-0.00, -0.00, 0.00, -0.02, 0.01, 1.00, -0.31, 0.32, 0.90, 0.92, -1.41, -121.60

-0.02, 0.00, 0.01, -0.02, 0.01, 1.00, -0.31, 0.32, 0.90, 1.01, -1.31, -121.26

-0.03, 0.00, -0.00, -0.02, 0.02, 1.00, -0.31, 0.32, 0.90, 1.19, -1.28, -120.92

-0.04, 0.00, -0.00, -0.02, 0.02, 1.00, -0.29, 0.32, 0.90, 1.21, -1.37, -120.54

-0.01, 0.00, 0.00, -0.02, 0.02, 1.00, -0.29, 0.32, 0.90, 1.23, -1.38, -120.20

-0.02, -0.00, 0.02, -0.02, 0.01, 1.00, -0.29, 0.32, 0.90, 1.04, -1.39, -119.88

-0.00, 0.00, 0.01, -0.02, 0.02, 1.00, -0.26, 0.34, 0.90, 1.15, -1.60, -119.41

-0.01, -0.00, -0.00, -0.02, 0.02, 1.00, -0.26, 0.34, 0.90, 1.26, -1.67, -118.97

-0.01, -0.00, 0.02, -0.02, 0.02, 1.00, -0.28, 0.34, 0.90, 1.33, -1.49, -118.62

-0.01, -0.00, 0.01, -0.02, 0.02, 1.00, -0.28, 0.34, 0.90, 1.33, -1.42, -118.28

-0.01, -0.00, 0.01, -0.02, 0.02, 1.00, -0.28, 0.34, 0.90, 1.26, -1.35, -117.95

0.00, 0.00, 0.01, -0.02, 0.02, 1.00, -0.29, 0.32, 0.90, 1.07, -1.28, -117.70

-0.01, -0.00, 0.03, -0.02, 0.02, 1.00, -0.29, 0.32, 0.90, 1.03, -1.28, -117.46

-0.02, 0.00, 0.03, -0.02, 0.02, 1.00, -0.29, 0.32, 0.90, 1.01, -1.24, -117.24

-0.01, -0.00, 0.01, -0.02, 0.02, 1.00, -0.28, 0.33, 0.90, 0.88, -1.21, -116.97

0.00, -0.00, 0.01, -0.02, 0.02, 1.00, -0.28, 0.33, 0.90, 0.84, -1.25, -116.69

0.00, -0.00, -0.00, -0.02, 0.02, 1.00, -0.29, 0.35, 0.89, 1.14, -1.17, -116.35

-0.01, -0.00, -0.01, -0.02, 0.03, 1.00, -0.30, 0.35, 0.89, 1.32, -1.02, -116.08

0.01, -0.00, 0.00, -0.02, 0.02, 1.00, -0.30, 0.35, 0.89, 1.28, -0.92, -115.83

0.01, 0.00, 0.00, -0.02, 0.03, 1.00, -0.28, 0.33, 0.90, 1.04, -1.01, -115.61

0.00, 0.00, -0.00, -0.02, 0.02, 1.00, -0.28, 0.33, 0.90, 0.71, -0.98, -115.38

0.00, -0.00, 0.01, -0.02, 0.02, 1.00, -0.28, 0.33, 0.90, 0.64, -1.13, -115.14

0.00, 0.00, -0.00, -0.02, 0.02, 1.00, -0.30, 0.34, 0.89, 0.85, -0.93, -114.91

0.00, 0.00, 0.00, -0.02, 0.02, 1.00, -0.30, 0.34, 0.89, 0.89, -0.73, -114.68

0.01, -0.00, 0.00, -0.02, 0.03, 1.00, -0.30, 0.34, 0.89, 0.96, -0.74, -114.46

-0.00, -0.00, 0.01, -0.02, 0.02, 1.00, -0.30, 0.31, 0.90, 0.47, -0.77, -114.39

0.00, -0.00, 0.00, -0.02, 0.03, 1.00, -0.30, 0.31, 0.90, 0.51, -0.74, -114.30

-0.00, 0.00, -0.01, -0.02, 0.02, 1.00, -0.30, 0.30, 0.90, 0.31, -0.68, -114.24

0.00, 0.00, -0.00, -0.02, 0.02, 1.00, -0.30, 0.30, 0.90, 0.20, -0.78, -114.17

-0.00, 0.00, -0.00, -0.02, 0.02, 1.00, -0.30, 0.30, 0.90, 0.17, -0.66, -114.11

0.00, -0.00, 0.00, -0.02, 0.02, 1.00, -0.30, 0.30, 0.91, 0.09, -0.63, -114.07

-0.00, 0.00, 0.00, -0.02, 0.02, 1.00, -0.30, 0.30, 0.91, -0.01, -0.59, -114.03

-0.01, 0.00, 0.00, -0.02, 0.03, 1.00, -0.30, 0.30, 0.91, 0.07, -0.65, -113.98

-0.01, 0.00, 0.01, -0.02, 0.03, 1.00, -0.30, 0.33, 0.90, 0.60, -0.71, -113.78

-0.02, 0.00, 0.00, -0.02, 0.03, 1.00, -0.30, 0.33, 0.90, 0.79, -0.65, -113.63

-0.00, 0.00, 0.00, -0.02, 0.02, 1.00, -0.28, 0.32, 0.90, 0.49, -0.77, -113.48

0.01, 0.00, 0.00, -0.02, 0.03, 1.00, -0.28, 0.32, 0.90, 0.56, -0.86, -113.34

0.01, -0.00, -0.01, -0.02, 0.02, 1.00, -0.28, 0.32, 0.90, 0.35, -0.93, -113.19

0.01, -0.00, 0.01, -0.01, 0.02, 1.00, -0.31, 0.32, 0.89, 0.39, -0.71, -113.18

0.01, -0.00, 0.00, -0.02, 0.02, 1.00, -0.31, 0.32, 0.89, 0.36, -0.53, -113.15

0.01, -0.00, 0.00, -0.02, 0.03, 1.00, -0.31, 0.32, 0.89, 0.51, -0.28, -113.12

0.01, -0.00, 0.06, -0.02, 0.03, 1.00, -0.31, 0.34, 0.89, 0.78, -0.15, -113.09

-0.03, -0.00, 0.24, -0.02, 0.02, 1.00, -0.31, 0.34, 0.89, 0.69, -0.18, -113.27

-0.04, -0.01, 0.36, -0.02, 0.03, 1.00, -0.31, 0.34, 0.89, 0.86, -0.23, -113.57

-0.06, -0.01, 0.66, -0.01, 0.03, 1.00, -0.29, 0.34, 0.90, 1.03, -0.67, -114.11

-0.02, 0.00, 0.71, -0.02, 0.03, 1.00, -0.29, 0.34, 0.90, 1.15, -0.73, -114.71

-0.04, 0.00, 0.91, -0.02, 0.03, 1.00, -0.30, 0.32, 0.90, 0.97, -0.77, -115.69

-0.02, -0.01, 1.22, -0.01, 0.07, 1.00, -0.30, 0.32, 0.90, 1.79, -0.95, -116.98

-0.05, -0.01, 1.36, -0.01, 0.05, 1.00, -0.30, 0.32, 0.90, 1.86, -1.09, -118.43

-0.06, 0.00, 1.62, -0.03, 0.04, 1.00, -0.35, 0.30, 0.89, 1.69, -0.26, -120.38

0.07, -0.00, 1.52, -0.02, 0.05, 1.00, -0.35, 0.30, 0.89, 1.86, -0.14, -122.08

0.07, 0.00, 1.56, -0.02, 0.05, 1.00, -0.35, 0.30, 0.89, 2.03, -0.28, -123.75

0.07, 0.01, 1.27, -0.01, -0.00, 1.00, -0.35, 0.27, 0.89, 0.70, -0.66, -125.15

0.06, 0.01, 1.13, -0.01, 0.03, 1.00, -0.35, 0.27, 0.89, 1.06, -0.94, -126.26

0.06, 0.00, 1.25, -0.01, 0.03, 1.00, -0.37, 0.21, 0.91, 0.50, -0.98, -127.84

0.03, 0.01, 1.48, -0.02, 0.01, 1.00, -0.37, 0.21, 0.91, 0.13, -0.85, -129.57

0.02, 0.01, 1.54, -0.03, 0.04, 1.00, -0.37, 0.21, 0.91, 0.80, -0.75, -131.28

-0.01, 0.01, 1.50, -0.03, -0.03, 1.00, -0.42, 0.21, 0.88, -0.36, -0.05, -133.03

-0.10, 0.01, 1.69, 0.01, 0.06, 1.00, -0.42, 0.21, 0.88, 1.46, -0.72, -134.81

-0.07, 0.01, 1.64, -0.04, 0.02, 1.00, -0.42, 0.21, 0.88, 1.48, -0.03, -136.61

0.04, 0.01, 1.55, -0.02, 0.02, 1.00, -0.41, 0.15, 0.90, 0.79, -0.20, -138.50

0.05, 0.02, 1.85, -0.02, 0.01, 1.00, -0.41, 0.15, 0.90, 0.45, -0.50, -140.59

0.08, 0.00, 1.52, -0.01, 0.01, 1.00, -0.42, 0.10, 0.90, -0.04, -0.73, -142.50

0.01, 0.01, 1.41, -0.03, 0.00, 1.00, -0.42, 0.10, 0.90, -0.19, -0.36, -144.16

-0.03, 0.01, 1.29, -0.01, 0.01, 1.00, -0.42, 0.10, 0.90, 0.10, -0.66, -145.59

-0.04, 0.01, 1.34, 0.01, 0.04, 1.00, -0.46, 0.05, 0.89, 0.61, -0.84, -147.35

0.00, 0.00, 1.20, -0.03, -0.03, 1.00, -0.46, 0.05, 0.89, -0.75, -0.01, -148.91

0.02, 0.00, 1.30, -0.01, 0.02, 1.00, -0.46, 0.05, 0.89, 0.03, -0.15, -150.39

-0.04, 0.00, 1.61, -0.02, 0.03, 1.00, -0.44, 0.01, 0.90, 0.29, -0.21, -152.44

-0.03, 0.01, 1.68, -0.03, -0.01, 1.00, -0.44, 0.01, 0.90, -0.40, -0.20, -154.50

-0.07, 0.02, 1.43, -0.01, 0.03, 1.00, -0.44, 0.01, 0.90, 0.48, -0.60, -156.13

-0.01, 0.01, 1.30, -0.01, 0.01, 1.00, -0.45, -0.00, 0.89, 0.40, -0.62, -157.71

0.02, 0.01, 1.22, 0.00, 0.00, 1.00, -0.45, -0.00, 0.89, 0.27, -0.88, -159.11

0.04, -0.00, 1.28, 0.00, 0.02, 1.00, -0.43, -0.03, 0.90, 0.47, -1.28, -160.66

0.02, 0.01, 1.29, -0.02, 0.03, 1.00, -0.43, -0.03, 0.90, 1.03, -1.00, -162.18

-0.02, 0.00, 1.02, -0.02, 0.00, 1.00, -0.43, -0.03, 0.90, 0.82, -0.79, -163.36

-0.02, -0.00, 0.79, -0.00, 0.01, 1.00, -0.44, -0.08, 0.89, 0.37, -0.95, -164.51

-0.01, 0.00, 0.77, -0.01, 0.02, 1.00, -0.44, -0.08, 0.89, 0.46, -0.86, -165.55

0.01, 0.00, 0.74, -0.03, -0.00, 1.00, -0.44, -0.08, 0.89, 0.12, -0.30, -166.50

0.02, 0.00, 0.77, -0.01, 0.04, 1.00, -0.42, -0.09, 0.90, 0.98, -0.63, -167.51

0.01, 0.00, 0.84, -0.02, 0.00, 1.00, -0.42, -0.09, 0.90, 0.56, -0.57, -168.61

0.04, -0.00, 0.84, -0.04, -0.01, 1.00, -0.41, -0.08, 0.91, 0.24, -0.30, -169.56

-0.02, -0.00, 1.08, -0.01, 0.06, 1.00, -0.41, -0.08, 0.91, 1.96, -0.78, -170.74

-0.01, 0.00, 1.15, -0.02, -0.00, 1.00, -0.41, -0.08, 0.91, 1.37, -0.68, -172.06

0.01, 0.00, 1.19, -0.02, -0.01, 1.00, -0.40, -0.11, 0.91, 0.61, -0.70, -173.50

-0.04, 0.01, 1.18, -0.01, 0.04, 1.00, -0.40, -0.11, 0.91, 1.72, -1.04, -174.82

0.03, 0.01, 1.02, -0.02, -0.00, 1.00, -0.40, -0.11, 0.91, 1.23, -0.98, -175.97

-0.00, 0.01, 0.95, -0.02, 0.04, 1.00, -0.40, -0.15, 0.91, 1.76, -0.92, -177.22

0.01, 0.00, 0.84, -0.03, 0.01, 1.00, -0.40, -0.15, 0.91, 1.28, -0.61, -178.31

0.08, 0.01, 0.89, -0.04, 0.02, 1.00, -0.40, -0.15, 0.91, 1.22, -0.17, -179.38

0.04, 0.01, 1.05, -0.02, -0.00, 1.00, -0.36, -0.17, 0.92, 0.77, -0.82, 179.24

-0.01, 0.01, 1.02, -0.01, 0.02, 1.00, -0.36, -0.17, 0.92, 1.40, -1.27, 178.00

0.00, 0.00, 0.90, -0.03, 0.04, 1.00, -0.37, -0.19, 0.91, 1.71, -0.85, 176.80

-0.03, -0.00, 0.78, -0.01, 0.02, 1.00, -0.37, -0.19, 0.91, 1.59, -0.95, 175.77

-0.00, 0.01, 0.61, -0.02, 0.01, 1.00, -0.37, -0.19, 0.91, 1.51, -0.86, 174.99

-0.00, 0.00, 0.67, -0.02, 0.02, 1.00, -0.37, -0.20, 0.91, 1.51, -0.81, 174.12

0.02, 0.00, 0.60, -0.02, 0.01, 1.00, -0.37, -0.20, 0.91, 1.40, -0.78, 173.37

-0.00, -0.00, 0.63, -0.01, 0.02, 1.00, -0.37, -0.20, 0.91, 1.70, -0.79, 172.62

-0.03, -0.00, 0.66, -0.03, 0.01, 1.00, -0.37, -0.20, 0.91, 1.68, -0.38, 171.87

0.02, 0.00, 0.67, -0.01, 0.01, 1.00, -0.37, -0.20, 0.91, 1.65, -0.64, 171.12

-0.00, 0.00, 0.64, -0.01, 0.01, 1.00, -0.33, -0.22, 0.92, 1.69, -0.99, 170.27

0.01, 0.01, 0.49, -0.01, 0.01, 1.00, -0.33, -0.22, 0.92, 1.70, -1.12, 169.63

0.03, -0.00, 0.47, -0.02, 0.02, 1.00, -0.33, -0.22, 0.92, 1.77, -1.04, 169.05

-0.00, 0.00, 0.48, -0.02, -0.01, 1.00, -0.35, -0.24, 0.91, 1.10, -0.62, 168.45

-0.00, 0.00, 0.55, -0.02, 0.04, 1.00, -0.35, -0.24, 0.91, 2.04, -0.49, 167.81

-0.03, -0.00, 0.74, -0.03, 0.01, 1.00, -0.35, -0.24, 0.91, 1.90, -0.26, 166.91

0.00, 0.00, 0.78, -0.04, 0.04, 1.00, -0.35, -0.26, 0.90, 2.30, 0.13, 165.89

-0.03, -0.00, 0.86, -0.02, 0.01, 1.00, -0.35, -0.26, 0.90, 1.81, 0.02, 164.79

-0.00, 0.01, 0.61, 0.02, 0.02, 1.00, -0.34, -0.25, 0.91, 2.09, -1.00, 164.05

-0.00, 0.00, 0.31, -0.01, -0.01, 1.00, -0.33, -0.27, 0.91, 1.39, -0.93, 163.65

0.03, 0.00, 0.09, -0.01, 0.01, 1.00, -0.33, -0.27, 0.91, 1.54, -0.74, 163.55

-0.01, -0.00, 0.11, -0.01, 0.01, 1.00, -0.32, -0.26, 0.91, 1.62, -0.74, 163.39

0.03, -0.00, 0.05, -0.02, 0.03, 1.00, -0.32, -0.26, 0.91, 2.09, -0.62, 163.31

-0.00, 0.00, -0.01, -0.01, 0.02, 1.00, -0.32, -0.26, 0.91, 2.01, -0.74, 163.25

-0.00, 0.00, 0.00, -0.01, 0.02, 1.00, -0.34, -0.28, 0.90, 1.80, -0.52, 163.16

-0.01, 0.00, 0.00, -0.03, 0.01, 1.00, -0.34, -0.28, 0.90, 1.47, -0.16, 163.07

-0.02, -0.00, -0.01, -0.01, 0.02, 1.00, -0.34, -0.28, 0.90, 1.70, -0.30, 163.00

-0.02, -0.00, -0.01, -0.02, 0.02, 1.00, -0.31, -0.28, 0.91, 1.71, -0.44, 162.84

-0.02, -0.00, -0.02, -0.02, 0.03, 1.00, -0.31, -0.28, 0.91, 1.88, -0.58, 162.70

-0.01, -0.01, -0.03, -0.02, 0.01, 1.00, -0.31, -0.27, 0.91, 1.82, -0.59, 162.64

-0.03, -0.01, -0.03, -0.02, 0.02, 1.00, -0.31, -0.27, 0.91, 2.05, -0.54, 162.59

-0.02, 0.00, -0.00, -0.02, 0.02, 1.00, -0.31, -0.27, 0.91, 2.10, -0.49, 162.49

-0.01, -0.00, -0.02, -0.02, 0.02, 1.00, -0.30, -0.30, 0.91, 1.81, -0.64, 162.22

0.03, -0.02, -0.08, -0.01, 0.00, 1.00, -0.30, -0.30, 0.91, 1.27, -0.94, 162.07

0.04, -0.01, -0.04, -0.02, 0.02, 1.00, -0.30, -0.30, 0.91, 1.42, -0.83, 161.91

0.01, -0.00, -0.02, -0.02, 0.02, 1.00, -0.30, -0.24, 0.92, 2.19, -0.80, 161.99

-0.02, -0.00, -0.01, -0.02, 0.02, 1.00, -0.30, -0.24, 0.92, 2.51, -0.78, 162.00

-0.04, -0.01, -0.03, -0.02, 0.01, 1.00, -0.31, -0.26, 0.92, 2.34, -0.72, 161.98

-0.01, -0.01, -0.02, -0.02, 0.03, 1.00, -0.31, -0.26, 0.92, 2.49, -0.60, 161.96

0.01, -0.01, -0.01, -0.02, 0.03, 1.00, -0.31, -0.26, 0.92, 2.70, -0.59, 161.91

-0.03, -0.01, -0.04, -0.03, 0.05, 1.00, -0.33, -0.28, 0.90, 3.07, -0.19, 161.88

-0.00, -0.00, -0.01, -0.02, 0.02, 1.00, -0.33, -0.28, 0.90, 2.53, -0.05, 161.76

-0.00, 0.00, -0.00, -0.03, 0.03, 1.00, -0.33, -0.28, 0.90, 2.41, 0.04, 161.67

-0.00, -0.00, -0.00, -0.02, 0.02, 1.00, -0.31, -0.27, 0.91, 2.37, -0.29, 161.52

0.02, 0.00, -0.01, -0.02, 0.02, 1.00, -0.31, -0.27, 0.91, 2.31, -0.45, 161.41

0.02, -0.00, -0.04, -0.02, 0.03, 1.00, -0.31, -0.27, 0.91, 2.47, -0.41, 161.35

0.03, 0.01, -0.01, -0.03, 0.02, 1.00, -0.32, -0.27, 0.91, 2.41, -0.26, 161.31

-0.01, 0.00, 0.00, -0.01, 0.02, 1.00, -0.32, -0.27, 0.91, 2.31, -0.45, 161.26

-0.01, -0.00, 0.00, -0.03, 0.03, 1.00, -0.32, -0.25, 0.92, 2.62, -0.23, 161.29

0.01, 0.00, -0.01, -0.02, 0.02, 1.00, -0.32, -0.25, 0.92, 2.68, -0.28, 161.29

0.06, 0.01, -0.01, -0.02, 0.02, 1.00, -0.32, -0.25, 0.92, 2.53, -0.40, 161.30

0.10, 0.01, -0.02, -0.01, 0.02, 1.00, -0.32, -0.26, 0.91, 2.30, -0.51, 161.34

0.08, 0.01, 0.00, -0.02, 0.01, 1.00, -0.32, -0.26, 0.91, 2.15, -0.28, 161.37

0.11, 0.02, -0.01, -0.02, 0.00, 1.00, -0.32, -0.26, 0.91, 1.83, -0.29, 161.41

0.11, 0.02, -0.00, -0.02, -0.00, 1.00, -0.31, -0.29, 0.90, 1.19, -0.32, 161.27

0.14, 0.02, -0.00, -0.01, 0.02, 1.00, -0.31, -0.29, 0.90, 1.36, -0.58, 161.17

0.24, 0.03, -0.01, -0.02, -0.01, 1.00, -0.33, -0.26, 0.91, 1.02, -0.34, 161.29

0.24, 0.02, -0.00, -0.02, -0.01, 1.00, -0.33, -0.26, 0.91, 0.85, -0.24, 161.41

0.92, 0.09, 0.05, -0.01, 0.01, 1.00, -0.33, -0.26, 0.91, 0.41, -0.57, 161.46

0.68, 0.04, -0.01, -0.01, -0.08, 1.00, -0.29, -0.32, 0.90, -2.25, -0.90, 161.26

1.11, 0.04, 0.02, -0.01, -0.14, 0.99, -0.29, -0.32, 0.90, -5.16, -1.13, 161.24

0.80, 0.03, 0.02, -0.01, -0.12, 0.99, -0.29, -0.32, 0.90, -5.51, -1.22, 161.38

0.95, 0.02, 0.06, -0.01, -0.19, 0.98, -0.30, -0.39, 0.87, -8.25, -1.29, 161.30

1.00, 0.03, 0.02, -0.00, -0.20, 0.98, -0.30, -0.39, 0.87, -9.71, -1.42, 161.44

1.20, 0.02, 0.01, -0.00, -0.21, 0.98, -0.31, -0.45, 0.84, -11.63, -1.37, 161.40

1.30, -0.00, 0.03, -0.01, -0.29, 0.96, -0.31, -0.45, 0.84, -14.49, -1.12, 161.48

1.06, 0.00, 0.07, -0.00, -0.33, 0.94, -0.31, -0.45, 0.84, -16.39, -1.32, 161.68

1.05, -0.01, 0.05, -0.01, -0.37, 0.93, -0.30, -0.54, 0.78, -19.18, -1.11, 161.60

1.13, -0.02, 0.02, -0.01, -0.40, 0.92, -0.30, -0.54, 0.78, -21.35, -1.16, 161.73

1.13, 0.00, 0.01, -0.01, -0.49, 0.87, -0.30, -0.54, 0.78, -24.41, -1.30, 162.04

0.85, 0.00, 0.01, -0.01, -0.48, 0.88, -0.31, -0.65, 0.70, -26.67, -1.12, 162.00

0.65, -0.00, -0.00, -0.00, -0.51, 0.86, -0.31, -0.65, 0.70, -28.33, -1.34, 162.12

0.79, 0.00, 0.03, -0.02, -0.50, 0.87, -0.30, -0.71, 0.64, -29.67, -0.89, 161.93

1.03, 0.00, 0.01, 0.01, -0.54, 0.84, -0.30, -0.71, 0.64, -31.61, -1.43, 161.86

1.15, -0.01, 0.01, 0.01, -0.63, 0.78, -0.30, -0.71, 0.64, -35.07, -1.61, 161.98

1.26, 0.02, -0.01, -0.06, -0.49, 0.87, -0.31, -0.75, 0.58, -33.77, -0.23, 161.99

1.98, 0.10, -0.24, 0.02, -0.75, 0.66, -0.31, -0.75, 0.58, -41.52, -1.40, 162.26

1.44, 0.09, -0.21, -0.02, -0.72, 0.70, -0.31, -0.75, 0.58, -43.15, -0.90, 162.97

1.23, -0.03, -0.01, 0.00, -0.78, 0.63, -0.30, -0.84, 0.45, -47.49, -1.38, 162.86

0.83, -0.03, -0.04, 0.02, -0.75, 0.66, -0.30, -0.84, 0.45, -47.89, -1.93, 163.02

0.76, -0.04, -0.02, -0.01, -0.79, 0.61, -0.31, -0.88, 0.35, -50.64, -1.39, 162.87

0.60, 0.01, -0.00, -0.03, -0.81, 0.58, -0.31, -0.88, 0.35, -52.33, -0.64, 162.88

0.98, -0.01, -0.02, 0.01, -0.81, 0.59, -0.31, -0.88, 0.35, -53.40, -1.29, 162.95

1.06, -0.01, -0.00, -0.01, -0.84, 0.54, -0.31, -0.91, 0.28, -56.20, -1.02, 162.82

0.90, -0.03, -0.04, -0.00, -0.88, 0.47, -0.31, -0.91, 0.28, -58.85, -1.17, 162.87

0.55, -0.00, 0.01, -0.00, -0.88, 0.48, -0.31, -0.91, 0.28, -59.50, -1.30, 163.07

0.63, -0.00, -0.01, 0.00, -0.89, 0.45, -0.33, -0.93, 0.17, -61.79, -1.18, 162.98

0.58, 0.01, 0.05, -0.03, -0.90, 0.43, -0.33, -0.93, 0.17, -63.01, -0.38, 163.00

0.94, 0.01, 0.01, -0.02, -0.92, 0.40, -0.33, -0.94, 0.10, -65.70, -0.25, 162.77

0.88, -0.02, -0.02, -0.01, -0.93, 0.38, -0.33, -0.94, 0.10, -67.15, -0.42, 162.72

0.72, -0.02, 0.00, -0.02, -0.95, 0.31, -0.33, -0.94, 0.10, -69.31, -0.41, 162.77

0.27, 0.00, 0.00, -0.00, -0.95, 0.31, -0.31, -0.95, 0.03, -70.40, -1.04, 162.60

0.08, -0.01, 0.01, -0.02, -0.95, 0.31, -0.31, -0.95, 0.03, -70.68, -0.99, 162.53

0.01, -0.02, 0.02, 0.00, -0.95, 0.32, -0.31, -0.95, 0.03, -70.42, -1.32, 162.46

-0.10, 0.00, -0.00, -0.01, -0.94, 0.33, -0.30, -0.95, -0.05, -70.77, -1.19, 162.09

0.01, 0.01, -0.00, -0.00, -0.95, 0.33, -0.30, -0.95, -0.05, -71.11, -1.31, 161.76

-0.02, 0.01, -0.00, -0.00, -0.94, 0.33, -0.33, -0.94, -0.02, -70.87, -0.93, 161.72

0.02, 0.00, -0.01, -0.01, -0.95, 0.32, -0.33, -0.94, -0.02, -71.05, -0.64, 161.64

-0.03, -0.01, 0.01, -0.01, -0.95, 0.33, -0.33, -0.94, -0.02, -70.84, -0.63, 161.54

0.13, -0.00, -0.01, -0.01, -0.94, 0.33, -0.32, -0.95, 0.00, -70.64, -0.66, 161.47

0.17, 0.00, -0.01, -0.00, -0.95, 0.30, -0.32, -0.95, 0.00, -71.25, -0.84, 161.40

-0.04, 0.00, 0.01, -0.01, -0.95, 0.31, -0.32, -0.95, 0.00, -71.19, -0.72, 161.38

-0.22, 0.00, 0.00, -0.01, -0.95, 0.31, -0.31, -0.95, -0.03, -71.10, -0.79, 161.19

-0.20, 0.00, 0.00, -0.01, -0.94, 0.35, -0.31, -0.95, -0.03, -70.24, -0.78, 161.01

0.02, -0.00, -0.00, -0.00, -0.94, 0.33, -0.32, -0.95, -0.01, -70.24, -0.75, 160.91

-0.12, 0.00, 0.01, -0.00, -0.94, 0.33, -0.32, -0.95, -0.01, -70.21, -0.78, 160.82

-0.14, 0.01, 0.01, -0.01, -0.94, 0.35, -0.32, -0.95, -0.01, -69.61, -0.71, 160.74

0.04, -0.00, -0.00, -0.01, -0.94, 0.34, -0.30, -0.95, 0.02, -69.56, -0.98, 160.61

0.00, 0.00, 0.00, -0.01, -0.94, 0.35, -0.30, -0.95, 0.02, -69.10, -1.09, 160.50

-0.02, 0.00, -0.00, -0.01, -0.94, 0.33, -0.30, -0.95, 0.02, -69.47, -1.14, 160.39

0.03, 0.00, 0.01, -0.01, -0.93, 0.35, -0.32, -0.95, -0.01, -69.38, -0.88, 160.25

0.06, 0.00, -0.00, -0.00, -0.94, 0.34, -0.32, -0.95, -0.01, -69.72, -0.82, 160.11

0.04, 0.00, -0.00, -0.00, -0.94, 0.34, -0.29, -0.96, -0.01, -69.78, -1.09, 159.89

-0.17, -0.00, -0.01, -0.00, -0.95, 0.32, -0.29, -0.96, -0.01, -70.10, -1.21, 159.71

-0.32, -0.00, 0.00, -0.01, -0.94, 0.35, -0.29, -0.96, -0.01, -69.40, -1.17, 159.54

-0.59, 0.02, 0.00, -0.00, -0.95, 0.31, -0.29, -0.96, 0.01, -69.39, -1.30, 159.46

-1.03, 0.01, -0.05, -0.01, -0.93, 0.37, -0.29, -0.96, 0.01, -67.46, -1.04, 159.37

-1.40, 0.00, -0.08, -0.01, -0.91, 0.42, -0.29, -0.96, 0.01, -65.06, -0.88, 159.15

-1.76, 0.05, -0.08, -0.00, -0.87, 0.49, -0.31, -0.95, 0.06, -61.18, -0.82, 159.06

-1.26, -0.00, -0.07, -0.02, -0.82, 0.58, -0.31, -0.95, 0.06, -57.76, -0.30, 158.68

-1.99, -0.00, -0.04, -0.03, -0.87, 0.48, -0.35, -0.91, 0.24, -55.94, 0.32, 159.00

-2.99, 0.09, -0.03, -0.04, -0.75, 0.66, -0.35, -0.91, 0.24, -49.01, 0.77, 159.27

-2.54, 0.04, 0.02, 0.03, -0.53, 0.85, -0.35, -0.91, 0.24, -40.05, -0.44, 158.93

-1.80, -0.00, -0.05, -0.01, -0.56, 0.83, -0.33, -0.83, 0.44, -35.51, -0.19, 158.89

-1.38, 0.06, -0.10, -0.01, -0.54, 0.84, -0.33, -0.83, 0.44, -33.49, 0.06, 158.65

-0.76, 0.03, -0.12, -0.01, -0.47, 0.88, -0.34, -0.72, 0.60, -29.64, 0.05, 159.06

-0.32, 0.02, -0.05, -0.02, -0.48, 0.88, -0.31, -0.73, 0.61, -28.56, 0.09, 159.00

-0.26, 0.00, 0.00, -0.02, -0.50, 0.86, -0.31, -0.73, 0.61, -28.91, -0.08, 158.81

-0.52, 0.01, 0.02, -0.02, -0.49, 0.87, -0.32, -0.70, 0.64, -27.95, -0.09, 158.84

-0.64, -0.00, 0.02, -0.01, -0.47, 0.88, -0.32, -0.70, 0.64, -26.82, -0.21, 158.81

-1.09, 0.01, -0.06, -0.01, -0.45, 0.89, -0.32, -0.70, 0.64, -25.38, -0.35, 158.79

-1.41, 0.03, -0.03, -0.01, -0.36, 0.93, -0.33, -0.65, 0.68, -21.38, -0.37, 158.96

-1.14, 0.02, -0.11, 0.01, -0.31, 0.95, -0.33, -0.65, 0.68, -18.71, -0.54, 158.96

-0.94, 0.01, -0.08, -0.01, -0.28, 0.96, -0.31, -0.56, 0.77, -15.76, -0.48, 159.18

-0.76, 0.01, -0.02, -0.01, -0.25, 0.97, -0.31, -0.56, 0.77, -14.02, -0.40, 159.15

-0.40, 0.01, -0.04, -0.02, -0.24, 0.97, -0.31, -0.56, 0.77, -13.48, -0.22, 159.04

-0.34, -0.01, -0.01, -0.02, -0.24, 0.97, -0.31, -0.51, 0.80, -12.83, -0.12, 159.05

-0.49, 0.00, 0.03, -0.01, -0.20, 0.98, -0.31, -0.51, 0.80, -11.32, -0.41, 158.97

-0.26, 0.00, -0.02, -0.02, -0.21, 0.98, -0.31, -0.51, 0.80, -11.07, -0.31, 158.88

-0.46, 0.00, 0.05, -0.01, -0.21, 0.98, -0.30, -0.48, 0.82, -10.38, -0.65, 158.76

-0.32, -0.00, -0.01, -0.06, -0.23, 0.97, -0.30, -0.48, 0.82, -10.82, 0.33, 158.69

-0.59, -0.01, 0.08, 0.03, -0.08, 1.00, -0.30, -0.44, 0.85, -6.64, -1.33, 158.62

-0.31, -0.00, 0.01, -0.07, 0.00, 1.00, -0.30, -0.44, 0.85, -3.36, 0.30, 158.50

-0.29, 0.01, 0.01, -0.01, -0.12, 0.99, -0.30, -0.44, 0.85, -4.74, -0.23, 158.10

-0.49, -0.01, -0.04, -0.03, -0.13, 0.99, -0.30, -0.41, 0.86, -4.89, -0.02, 158.05

-0.51, -0.01, -0.02, -0.01, -0.08, 1.00, -0.30, -0.41, 0.86, -3.86, -0.37, 157.97

-0.33, -0.01, -0.06, -0.01, -0.09, 1.00, -0.30, -0.41, 0.86, -3.85, -0.43, 157.91

-0.67, -0.02, -0.04, -0.04, -0.03, 1.00, -0.30, -0.37, 0.88, -1.61, 0.12, 157.96

-0.15, -0.01, 0.00, -0.02, -0.05, 1.00, -0.30, -0.37, 0.88, -1.82, -0.04, 157.79

-0.14, -0.01, 0.01, -0.02, -0.04, 1.00, -0.31, -0.31, 0.90, -1.07, -0.10, 157.91

-0.15, -0.01, -0.02, -0.01, -0.04, 1.00, -0.33, -0.31, 0.89, -0.65, -0.07, 158.11

-0.16, -0.01, -0.02, -0.02, -0.03, 1.00, -0.33, -0.31, 0.89, -0.23, 0.14, 158.28

-0.11, -0.01, -0.01, -0.02, -0.02, 1.00, -0.29, -0.31, 0.90, 0.17, -0.18, 158.22

-0.10, -0.00, -0.01, -0.01, -0.03, 1.00, -0.29, -0.31, 0.90, 0.02, -0.52, 158.16

-0.17, -0.01, -0.02, -0.02, -0.02, 1.00, -0.29, -0.31, 0.90, 0.38, -0.48, 158.15

-0.17, -0.01, -0.01, -0.01, -0.02, 1.00, -0.31, -0.32, 0.89, 0.41, -0.34, 158.16

-0.16, -0.01, 0.01, -0.02, -0.01, 1.00, -0.31, -0.32, 0.89, 0.63, -0.21, 158.14

-0.16, -0.01, -0.02, -0.02, 0.00, 1.00, -0.31, -0.32, 0.89, 0.95, -0.15, 158.13

-0.02, -0.00, -0.01, -0.02, 0.00, 1.00, -0.35, -0.31, 0.89, 1.10, 0.43, 158.28

-0.01, -0.00, 0.00, -0.01, 0.01, 1.00, -0.35, -0.31, 0.89, 1.38, 0.28, 158.37

-0.03, -0.01, -0.01, -0.02, 0.01, 1.00, -0.33, -0.28, 0.90, 1.65, 0.31, 158.48

-0.08, -0.00, 0.01, -0.03, 0.03, 1.00, -0.33, -0.28, 0.90, 2.34, 0.49, 158.55

0.01, 0.00, 0.01, -0.02, 0.00, 1.00, -0.33, -0.28, 0.90, 1.89, 0.34, 158.55

-0.00, -0.00, -0.00, -0.02, 0.01, 1.00, -0.31, -0.27, 0.91, 1.95, 0.00, 158.56

-0.00, 0.00, -0.00, -0.02, 0.01, 1.00, -0.31, -0.27, 0.91, 1.92, -0.16, 158.59

-0.00, -0.00, -0.01, -0.02, 0.00, 1.00, -0.31, -0.27, 0.91, 1.81, -0.18, 158.62

0.00, -0.00, -0.00, -0.02, 0.01, 1.00, -0.29, -0.28, 0.91, 1.87, -0.34, 158.53

-0.01, 0.00, -0.00, -0.02, 0.01, 1.00, -0.29, -0.28, 0.91, 1.81, -0.53, 158.44

-0.00, 0.00, 0.00, -0.02, 0.00, 1.00, -0.34, -0.29, 0.89, 1.55, 0.05, 158.56

-0.00, 0.00, 0.00, -0.02, 0.01, 1.00, -0.34, -0.29, 0.89, 1.52, 0.36, 158.66

-0.00, 0.00, 0.00, -0.02, 0.00, 1.00, -0.34, -0.29, 0.89, 1.42, 0.44, 158.73

-0.00, 0.00, 0.01, -0.02, 0.00, 1.00, -0.31, -0.27, 0.91, 1.69, 0.21, 158.77

-0.01, 0.00, 0.02, -0.02, 0.00, 1.00, -0.31, -0.27, 0.91, 1.81, 0.02, 158.79

-0.02, 0.00, 0.01, -0.02, 0.00, 1.00, -0.31, -0.27, 0.91, 1.84, 0.01, 158.83

-0.01, 0.00, 0.01, -0.02, 0.00, 1.00, -0.34, -0.28, 0.90, 1.78, 0.22, 158.95

-0.02, 0.01, 0.01, -0.02, 0.01, 1.00, -0.34, -0.28, 0.90, 1.84, 0.27, 159.06

-0.02, 0.00, 0.00, -0.03, -0.00, 1.00, -0.34, -0.28, 0.90, 1.57, 0.58, 159.17

-0.14, -0.03, -0.04, -0.01, 0.01, 1.00, -0.33, -0.28, 0.90, 1.92, 0.22, 159.26

-0.10, -0.03, -0.11, -0.02, 0.02, 1.00, -0.33, -0.28, 0.90, 2.31, 0.19, 159.43

-0.01, -0.01, -0.03, -0.03, -0.00, 1.00, -0.33, -0.25, 0.91, 2.07, 0.46, 159.58

-0.01, -0.02, -0.05, -0.01, 0.00, 1.00, -0.33, -0.25, 0.91, 2.11, -0.09, 159.74

-0.03, -0.01, -0.06, -0.05, 0.01, 1.00, -0.33, -0.25, 0.91, 2.36, 0.68, 159.94

-0.21, -0.10, -0.29, -0.05, 0.06, 1.00, -0.34, -0.29, 0.90, 3.31, 1.15, 160.23

-0.09, -0.34, -0.04, 0.04, 0.10, 0.99, -0.34, -0.29, 0.90, 4.55, -0.25, 160.16

-0.17, -0.43, 0.39, -0.01, -0.06, 1.00, -0.34, -0.29, 0.90, 1.41, 0.32, 159.60

0.11, -0.49, -0.08, -0.03, -0.05, 1.00, -0.34, -0.26, 0.90, 0.42, 1.15, 159.87

0.09, -0.21, -0.39, -0.09, -0.09, 0.99, -0.34, -0.26, 0.90, -1.05, 2.40, 160.46

-0.08, -0.07, -0.33, -0.08, 0.06, 0.99, -0.37, -0.28, 0.89, 1.83, 2.94, 161.16

-0.06, -0.26, -0.10, -0.08, 0.09, 0.99, -0.37, -0.28, 0.89, 3.66, 3.26, 161.33

-0.05, -0.59, 0.06, -0.07, 0.03, 1.00, -0.37, -0.28, 0.89, 3.10, 3.59, 161.08

-0.02, -0.82, 0.11, -0.13, -0.01, 0.99, -0.40, -0.25, 0.88, 2.04, 5.86, 160.98

0.11, -0.81, -0.09, -0.18, 0.02, 0.98, -0.40, -0.25, 0.88, 2.28, 7.88, 161.15

0.08, -0.93, 0.04, -0.17, 0.02, 0.98, -0.40, -0.25, 0.88, 2.52, 8.66, 161.05

-0.11, -1.05, 0.10, -0.22, 0.04, 0.97, -0.48, -0.25, 0.84, 3.08, 11.18, 161.18

0.08, -0.96, 0.03, -0.23, -0.00, 0.97, -0.48, -0.25, 0.84, 2.23, 12.26, 160.99

0.17, -0.91, -0.07, -0.29, -0.05, 0.95, -0.48, -0.25, 0.84, 0.79, 14.26, 160.74

0.22, -0.94, -0.24, -0.33, 0.02, 0.94, -0.56, -0.29, 0.77, 1.18, 17.17, 161.30

-0.00, -0.94, -0.05, -0.36, 0.04, 0.93, -0.56, -0.29, 0.77, 2.24, 19.19, 161.62

0.03, -0.92, -0.07, -0.40, -0.03, 0.91, -0.62, -0.30, 0.72, 0.60, 21.89, 161.10

0.13, -0.94, -0.17, -0.40, 0.01, 0.91, -0.62, -0.30, 0.72, 0.87, 23.04, 161.33

-0.04, -0.85, -0.13, -0.48, 0.01, 0.88, -0.62, -0.30, 0.72, 1.36, 25.29, 161.44

-0.46, -0.75, -0.08, -0.47, -0.04, 0.88, -0.72, -0.29, 0.63, 0.77, 27.31, 161.23

0.00, -0.85, -0.38, -0.48, 0.02, 0.88, -0.72, -0.29, 0.63, 1.68, 28.54, 162.15

-0.10, -0.94, -0.17, -0.53, 0.03, 0.85, -0.72, -0.29, 0.63, 2.28, 30.45, 162.53

0.13, -1.05, -0.30, -0.55, -0.01, 0.83, -0.79, -0.28, 0.55, 1.34, 33.18, 162.65

0.03, -1.01, -0.24, -0.59, 0.03, 0.81, -0.79, -0.28, 0.55, 2.19, 35.16, 163.47

-0.12, -0.97, -0.10, -0.63, 0.07, 0.78, -0.82, -0.26, 0.51, 4.26, 37.71, 164.95

-0.08, -0.93, 0.07, -0.65, 0.05, 0.76, -0.82, -0.26, 0.51, 4.40, 39.39, 164.92

-0.05, -0.86, 0.09, -0.69, 0.04, 0.72, -0.82, -0.26, 0.51, 4.31, 41.34, 164.65

-0.21, -0.66, 0.04, -0.74, 0.02, 0.67, -0.86, -0.27, 0.42, 3.72, 44.58, 164.13

-0.46, -0.53, -0.02, -0.69, 0.02, 0.72, -0.86, -0.27, 0.42, 3.84, 44.28, 163.77

0.09, -0.71, -0.34, -0.69, 0.02, 0.72, -0.88, -0.27, 0.39, 3.62, 44.66, 164.10

0.38, -0.99, -0.57, -0.71, 0.03, 0.70, -0.89, -0.26, 0.38, 4.05, 45.86, 165.34

0.54, -1.27, -0.69, -0.77, 0.04, 0.63, -0.89, -0.26, 0.38, 4.79, 48.74, 166.93

0.29, -1.11, -0.54, -0.82, 0.12, 0.55, -0.92, -0.25, 0.28, 8.41, 52.78, 170.61

0.04, -0.63, -0.26, -0.87, 0.09, 0.48, -0.92, -0.25, 0.28, 9.58, 55.89, 171.57

-0.00, -0.25, -0.06, -0.85, 0.10, 0.52, -0.92, -0.25, 0.28, 9.67, 55.73, 171.24

-0.12, -0.16, 0.11, -0.83, 0.09, 0.55, -0.96, -0.21, 0.18, 10.23, 56.00, 171.70

-0.03, -0.11, 0.07, -0.85, 0.06, 0.52, -0.96, -0.21, 0.18, 9.29, 57.07, 170.99

-0.02, 0.01, 0.02, -0.84, 0.05, 0.54, -0.97, -0.19, 0.13, 8.51, 57.35, 170.66

-0.06, 0.04, -0.13, -0.82, 0.04, 0.56, -0.97, -0.19, 0.13, 8.10, 56.80, 170.71

-0.05, 0.02, -0.17, -0.84, 0.08, 0.54, -0.97, -0.19, 0.13, 9.81, 57.07, 172.58

-0.03, 0.05, -0.00, -0.82, 0.11, 0.56, -0.96, -0.21, 0.16, 10.98, 56.17, 173.61

-0.03, 0.02, 0.05, -0.82, 0.08, 0.57, -0.96, -0.21, 0.16, 9.90, 55.79, 172.72

-0.00, -0.02, 0.02, -0.84, 0.07, 0.54, -0.96, -0.21, 0.16, 9.33, 56.36, 172.38

-0.00, 0.07, -0.05, -0.82, 0.08, 0.57, -0.96, -0.21, 0.17, 9.46, 55.63, 172.59

-0.06, 0.05, 0.01, -0.83, 0.08, 0.55, -0.96, -0.21, 0.17, 9.27, 55.82, 172.47

0.02, 0.13, -0.02, -0.84, 0.08, 0.53, -0.96, -0.20, 0.17, 9.55, 56.23, 172.88

-0.04, 0.18, 0.01, -0.82, 0.07, 0.57, -0.96, -0.20, 0.17, 8.94, 55.44, 172.44

-0.02, 0.17, -0.05, -0.82, 0.08, 0.57, -0.96, -0.20, 0.17, 9.40, 55.01, 172.99

-0.03, 0.08, -0.06, -0.80, 0.06, 0.60, -0.97, -0.19, 0.16, 8.59, 54.20, 172.58

0.00, 0.02, -0.06, -0.81, 0.09, 0.58, -0.97, -0.19, 0.16, 9.62, 54.49, 173.76

0.01, 0.04, -0.04, -0.82, 0.08, 0.57, -0.97, -0.19, 0.16, 9.42, 54.94, 173.86

0.03, 0.05, -0.02, -0.81, 0.09, 0.58, -0.96, -0.19, 0.19, 9.61, 54.51, 174.20

0.01, 0.04, -0.02, -0.81, 0.07, 0.58, -0.96, -0.19, 0.19, 9.01, 54.38, 173.87

-0.02, 0.04, -0.04, -0.81, 0.08, 0.58, -0.96, -0.22, 0.17, 8.77, 54.54, 173.75

-0.04, 0.10, -0.04, -0.81, 0.09, 0.58, -0.96, -0.22, 0.17, 9.02, 54.40, 174.00

-0.03, 0.01, 0.04, -0.80, 0.09, 0.60, -0.96, -0.22, 0.17, 8.92, 54.01, 173.94

-0.02, 0.03, 0.05, -0.81, 0.10, 0.58, -0.96, -0.20, 0.21, 9.43, 53.78, 174.32

0.00, 0.03, -0.00, -0.80, 0.08, 0.59, -0.96, -0.20, 0.21, 8.85, 53.46, 173.88

-0.00, 0.07, -0.03, -0.81, 0.08, 0.58, -0.96, -0.20, 0.21, 8.97, 53.62, 174.04

-0.01, 0.10, -0.04, -0.81, 0.07, 0.59, -0.96, -0.18, 0.21, 8.96, 53.46, 174.20

0.01, 0.16, -0.03, -0.81, 0.09, 0.58, -0.96, -0.18, 0.21, 9.60, 53.42, 174.87

0.01, 0.26, -0.11, -0.82, 0.08, 0.57, -0.96, -0.19, 0.22, 9.17, 53.55, 174.60

-0.04, 0.61, -0.09, -0.84, 0.10, 0.53, -0.96, -0.19, 0.22, 10.00, 54.23, 175.25

-0.14, 0.72, 0.10, -0.76, 0.12, 0.64, -0.96, -0.19, 0.22, 10.43, 51.19, 175.27

0.06, 0.78, 0.12, -0.77, 0.10, 0.63, -0.94, -0.19, 0.28, 9.30, 49.50, 174.13

0.08, 1.10, -0.09, -0.80, 0.04, 0.60, -0.94, -0.19, 0.28, 7.24, 49.50, 172.57

-0.07, 1.54, -0.04, -0.72, 0.15, 0.68, -0.94, -0.19, 0.28, 9.54, 46.30, 174.21

-0.11, 1.69, 0.23, -0.64, 0.13, 0.76, -0.92, -0.20, 0.34, 9.13, 41.53, 173.34

0.10, 1.53, 0.10, -0.58, 0.10, 0.81, -0.92, -0.20, 0.34, 7.73, 38.10, 172.41

0.18, 1.33, 0.20, -0.55, 0.10, 0.83, -0.86, -0.19, 0.47, 7.01, 34.62, 171.75

-0.00, 1.28, 0.11, -0.53, 0.03, 0.85, -0.86, -0.19, 0.47, 5.04, 32.49, 170.61

0.18, 1.15, -0.14, -0.44, 0.08, 0.89, -0.86, -0.19, 0.47, 5.42, 29.53, 171.38

0.03, 0.89, 0.03, -0.41, 0.09, 0.91, -0.77, -0.19, 0.61, 5.70, 25.97, 171.36

0.22, 0.74, -0.10, -0.44, 0.06, 0.90, -0.77, -0.19, 0.61, 4.71, 25.36, 171.16

0.04, 0.87, 0.07, -0.40, 0.10, 0.91, -0.77, -0.19, 0.61, 5.42, 23.95, 171.52

-0.02, 0.78, 0.11, -0.37, 0.04, 0.93, -0.72, -0.20, 0.66, 4.11, 22.02, 170.73

0.15, 0.82, -0.31, -0.32, 0.06, 0.94, -0.72, -0.20, 0.66, 4.17, 19.85, 171.19

0.18, 0.76, -0.24, -0.33, 0.03, 0.94, -0.67, -0.23, 0.71, 2.89, 18.51, 170.87

0.09, 0.73, -0.19, -0.29, 0.11, 0.95, -0.67, -0.23, 0.71, 4.41, 16.88, 171.51

0.16, 0.61, -0.18, -0.23, 0.00, 0.97, -0.67, -0.23, 0.71, 2.27, 15.06, 171.07

0.12, 0.67, -0.10, -0.25, 0.12, 0.96, -0.61, -0.19, 0.77, 4.66, 13.66, 171.90

-0.12, 0.69, 0.05, -0.27, 0.03, 0.96, -0.61, -0.19, 0.77, 3.73, 13.51, 171.53

-0.38, 0.90, 0.18, -0.11, 0.08, 0.99, -0.61, -0.19, 0.77, 4.66, 9.51, 171.44

-0.06, 0.77, -0.08, -0.14, 0.05, 0.99, -0.53, -0.20, 0.82, 4.07, 7.65, 171.25

0.23, 0.55, -0.06, -0.16, 0.11, 0.98, -0.53, -0.20, 0.82, 4.86, 7.60, 171.44

-0.01, 0.74, 0.33, -0.19, -0.01, 0.98, -0.51, -0.19, 0.84, 2.65, 7.81, 170.63

0.10, 1.31, -0.31, 0.10, -0.01, 1.00, -0.48, -0.20, 0.86, 1.72, 0.18, 170.84

0.40, 0.30, -0.13, -0.00, 0.05, 1.00, -0.48, -0.20, 0.86, 2.21, 0.39, 171.37

0.19, 0.09, 0.02, -0.04, 0.05, 1.00, -0.36, -0.17, 0.92, 2.86, 0.18, 171.42

0.37, 0.13, -0.10, -0.02, 0.03, 1.00, -0.36, -0.17, 0.92, 2.67, -0.42, 171.55

0.42, 0.12, -0.18, -0.01, 0.03, 1.00, -0.36, -0.17, 0.92, 2.40, -0.85, 171.82

0.39, 0.08, 0.03, -0.05, 0.04, 1.00, -0.33, -0.22, 0.92, 2.03, -0.31, 171.57

0.34, 0.07, 0.18, -0.08, 0.16, 0.98, -0.33, -0.22, 0.92, 4.79, 0.59, 171.18

-0.17, -0.02, -0.01, -0.03, 0.00, 1.00, -0.33, -0.22, 0.92, 3.00, 0.05, 170.75

-0.23, -0.05, 0.05, 0.00, 0.02, 1.00, -0.34, -0.24, 0.91, 2.53, -0.90, 170.38

-0.02, 0.00, 0.00, -0.02, 0.02, 1.00, -0.34, -0.24, 0.91, 2.08, -0.79, 170.15

0.00, -0.00, 0.01, -0.03, 0.01, 1.00, -0.33, -0.21, 0.92, 1.95, -0.81, 170.05

0.01, -0.00, 0.01, -0.02, 0.02, 1.00, -0.33, -0.21, 0.92, 2.12, -0.87, 169.95

-0.00, 0.00, -0.01, -0.03, 0.02, 1.00, -0.33, -0.21, 0.92, 2.06, -0.81, 169.87

0.00, 0.00, -0.00, -0.02, 0.02, 1.00, -0.34, -0.20, 0.92, 2.13, -0.70, 169.88

0.00, 0.00, -0.00, -0.02, 0.02, 1.00, -0.34, -0.20, 0.92, 2.18, -0.63, 169.87

-0.00, 0.00, 0.00, -0.02, 0.03, 1.00, -0.34, -0.20, 0.92, 2.38, -0.66, 169.85

0.00, -0.00, 0.00, -0.03, 0.03, 1.00, -0.35, -0.23, 0.91, 2.19, -0.51, 169.71

-0.00, -0.00, 0.00, -0.03, 0.02, 1.00, -0.35, -0.23, 0.91, 2.01, -0.38, 169.57

0.00, 0.00, -0.01, -0.02, 0.02, 1.00, -0.36, -0.23, 0.90, 1.93, -0.25, 169.51

0.00, -0.00, 0.00, -0.03, 0.02, 1.00, -0.36, -0.23, 0.90, 1.82, -0.16, 169.45

-0.00, -0.00, 0.00, -0.03, 0.02, 1.00, -0.36, -0.23, 0.90, 1.87, -0.10, 169.38

0.00, 0.00, -0.00, -0.02, 0.03, 1.00, -0.36, -0.23, 0.90, 2.04, -0.22, 169.31

-0.00, 0.00, 0.00, -0.03, 0.02, 1.00, -0.36, -0.23, 0.90, 1.93, -0.04, 169.23

0.00, -0.00, -0.00, -0.02, 0.02, 1.00, -0.36, -0.23, 0.90, 1.94, -0.12, 169.15

0.00, -0.00, -0.00, -0.03, 0.02, 1.00, -0.34, -0.22, 0.92, 2.08, -0.35, 169.06

0.00, 0.00, -0.00, -0.02, 0.02, 1.00, -0.34, -0.22, 0.92, 2.21, -0.54, 168.98

0.00, -0.00, 0.00, -0.02, 0.02, 1.00, -0.34, -0.22, 0.92, 2.15, -0.58, 168.89

0.00, -0.00, 0.01, -0.03, 0.02, 1.00, -0.34, -0.22, 0.91, 2.19, -0.49, 168.84

0.00, -0.00, -0.00, -0.02, 0.03, 1.00, -0.34, -0.22, 0.91, 2.33, -0.55, 168.78

0.00, 0.00, 0.00, -0.02, 0.02, 1.00, -0.35, -0.23, 0.91, 2.11, -0.40, 168.71

0.00, 0.00, 0.01, -0.03, 0.02, 1.00, -0.35, -0.23, 0.91, 2.00, -0.25, 168.64

-0.00, 0.00, 0.00, -0.03, 0.02, 1.00, -0.35, -0.23, 0.91, 2.03, -0.20, 168.58

0.00, 0.00, -0.00, -0.02, 0.02, 1.00, -0.34, -0.25, 0.91, 1.87, -0.46, 168.40

-0.00, 0.00, -0.00, -0.03, 0.02, 1.00, -0.34, -0.25, 0.91, 1.80, -0.42, 168.24

0.00, 0.00, -0.01, -0.03, 0.01, 1.00, -0.34, -0.25, 0.91, 1.53, -0.41, 168.11

0.00, -0.00, -0.00, -0.02, 0.02, 1.00, -0.34, -0.20, 0.92, 2.10, -0.50, 168.21

0.00, 0.00, -0.01, -0.02, 0.02, 1.00, -0.34, -0.20, 0.92, 2.33, -0.51, 168.27

0.00, 0.00, -0.01, -0.02, 0.02, 1.00, -0.34, -0.24, 0.91, 2.07, -0.56, 168.11

-0.00, 0.00, 0.00, -0.03, 0.02, 1.00, -0.34, -0.24, 0.91, 1.95, -0.45, 167.97

0.00, -0.00, -0.01, -0.02, 0.02, 1.00, -0.34, -0.24, 0.91, 1.95, -0.51, 167.85

-0.00, 0.00, 0.01, -0.02, 0.02, 1.00, -0.33, -0.22, 0.92, 2.15, -0.62, 167.80

-0.00, -0.00, -0.00, -0.03, 0.02, 1.00, -0.33, -0.22, 0.92, 2.24, -0.57, 167.75

-0.00, 0.00, -0.00, -0.03, 0.02, 1.00, -0.33, -0.22, 0.92, 2.21, -0.60, 167.69

-0.00, -0.00, 0.00, -0.03, 0.01, 1.00, -0.35, -0.21, 0.91, 2.24, -0.37, 167.75

0.00, 0.00, 0.01, -0.03, 0.02, 1.00, -0.35, -0.21, 0.91, 2.42, -0.20, 167.78

0.00, -0.00, 0.00, -0.03, 0.02, 1.00, -0.34, -0.21, 0.92, 2.48, -0.28, 167.79

-0.00, 0.00, -0.00, -0.02, 0.02, 1.00, -0.36, -0.25, 0.90, 2.03, -0.12, 167.68

0.00, -0.00, 0.01, -0.03, 0.02, 1.00, -0.36, -0.25, 0.90, 1.93, 0.09, 167.58

-0.00, -0.00, -0.00, -0.02, 0.02, 1.00, -0.34, -0.26, 0.90, 1.79, -0.19, 167.40

-0.00, -0.00, 0.00, -0.02, 0.02, 1.00, -0.34, -0.26, 0.90, 1.77, -0.37, 167.24

-0.00, -0.00, 0.01, -0.02, 0.02, 1.00, -0.34, -0.26, 0.90, 1.60, -0.35, 167.09

0.00, -0.00, -0.01, -0.02, 0.02, 1.00, -0.35, -0.23, 0.91, 1.81, -0.20, 167.13

-0.00, -0.00, -0.00, -0.02, 0.03, 1.00, -0.35, -0.23, 0.91, 2.11, -0.13, 167.14

-0.00, 0.00, -0.01, -0.03, 0.02, 1.00, -0.35, -0.23, 0.91, 2.17, -0.09, 167.13

0.00, -0.00, -0.00, -0.03, 0.03, 1.00, -0.34, -0.22, 0.91, 2.46, -0.21, 167.13

-0.00, 0.00, -0.00, -0.03, 0.02, 1.00, -0.34, -0.22, 0.91, 2.49, -0.28, 167.12

0.00, -0.00, 0.00, -0.02, 0.01, 1.00, -0.35, -0.23, 0.91, 2.17, -0.25, 167.07

0.00, -0.00, -0.00, -0.03, 0.02, 1.00, -0.35, -0.23, 0.91, 2.13, -0.01, 167.04

-0.00, 0.00, -0.00, -0.03, 0.02, 1.00, -0.35, -0.23, 0.91, 2.19, -0.11, 167.01

-0.00, 0.00, -0.01, -0.03, 0.02, 1.00, -0.34, -0.24, 0.91, 2.07, -0.21, 166.90

-0.00, -0.01, 0.01, -0.02, 0.02, 1.00, -0.34, -0.24, 0.91, 1.93, -0.26, 166.80

0.00, -0.00, -0.01, -0.02, 0.02, 1.00, -0.34, -0.24, 0.91, 2.02, -0.30, 166.73