-0.033502, 0.012833, 0.980406, -0.081108, -0.387338, -0.929562

-0.029496, 0.016802, 0.982385, -0.081108, -0.387338, -0.929562

-0.034492, 0.026734, 0.992238, -0.081108, -0.387338, -0.929562

-0.029495, 0.015806, 0.982390, -0.064388, -0.370447, -0.921369

-0.030475, 0.016774, 0.990317, -0.064388, -0.370447, -0.921369

-0.049526, 0.025780, 0.988221, -0.064388, -0.370447, -0.921369

-0.035485, 0.017779, 0.990294, -0.105094, -0.363580, -0.948107

-0.040489, 0.008838, 0.986353, -0.105094, -0.363580, -0.948107

-0.041515, 0.033720, 0.992178, -0.105094, -0.363580, -0.948107

-0.056543, 0.045677, 0.998018, -0.072703, -0.395384, -0.947639

0.046765, -0.004389, 1.018473, -0.072703, -0.395384, -0.947639

0.019749, 0.032397, 1.048947, -0.072703, -0.395384, -0.947639

0.076448, 0.138159, 0.976217, -0.072703, -0.395384, -0.947639

-0.055385, 0.152809, 1.113556, -0.072703, -0.395384, -0.947639

-0.072423, -0.030696, 0.660074, -0.072515, -0.412686, -0.911014

-0.156029, 0.063497, 0.552178, -0.072515, -0.412686, -0.911014

0.122021, -0.029548, 1.050610, -0.072515, -0.412686, -0.911014

0.091426, 0.138192, 0.960399, -0.138599, -0.379413, -0.946538

0.110005, -0.009654, 1.063365, -0.138599, -0.379413, -0.946538

0.093421, 0.013965, 0.885626, -0.138599, -0.379413, -0.946538

0.151679, 0.281991, 1.097792, -0.137910, -0.471262, -0.883716

0.152812, 0.275853, 1.139489, -0.137910, -0.471262, -0.883716

0.160751, 0.102007, 1.013399, -0.137910, -0.471262, -0.883716

0.096465, 0.099381, 0.948704, -0.210425, -0.513009, -0.865051

-0.016553, 0.178881, 1.050081, -0.210425, -0.513009, -0.865051

-0.051592, 0.152087, 1.040167, -0.209975, -0.571027, -0.819480

0.016520, 0.135065, 1.031567, -0.160975, -0.570424, -0.819426

-0.003387, 0.178668, 1.099728, -0.160975, -0.570424, -0.819426

0.046338, 0.163142, 0.969042, -0.086790, -0.577544, -0.845831

0.110191, 0.151427, 0.877075, -0.086790, -0.577544, -0.845831

0.035266, 0.067821, 0.895073, -0.086790, -0.577544, -0.845831

-0.013711, 0.247667, 1.033882, -0.037701, -0.577444, -0.809377

-0.107981, 0.231097, 0.983035, -0.037701, -0.577444, -0.809377

-0.059001, 0.346427, 1.016371, -0.037701, -0.577444, -0.809377

0.023719, -0.029182, 1.000657, -0.013901, -0.577151, -0.809351

-0.145084, 0.029147, 1.194191, -0.013901, -0.577151, -0.809351

-0.105531, 0.447488, 0.918494, -0.013901, -0.577151, -0.809351

-0.000806, 0.157352, 0.942118, 0.011445, -0.608790, -0.827091

-0.166378, 0.027539, 1.103854, 0.011445, -0.608790, -0.827091

-0.169818, 0.547232, 0.912814, 0.060713, -0.642173, -0.798585

-0.192474, 0.275449, 0.885301, 0.060713, -0.642173, -0.798585

-0.164598, 0.092430, 1.064854, 0.060713, -0.642173, -0.798585

-0.168524, 0.445473, 0.953989, 0.060777, -0.642540, -0.771985

-0.164566, 0.350117, 0.882058, 0.060777, -0.642540, -0.771985

-0.258141, 0.182562, 0.981743, 0.060777, -0.642540, -0.771985

-0.162362, 0.300157, 0.921990, 0.118083, -0.633183, -0.790235

-0.132110, 0.112988, 0.883339, 0.118083, -0.633183, -0.790235

-0.110834, -0.027504, 0.885098, 0.118083, -0.633183, -0.790235

-0.213315, 0.321946, 0.978243, 0.192380, -0.655819, -0.808033

-0.233225, 0.240325, 0.972620, 0.192380, -0.655819, -0.808033

-0.147955, 0.024326, 0.893638, 0.192380, -0.655819, -0.808033

-0.211398, 0.351871, 0.966199, 0.241195, -0.631165, -0.826499

-0.243527, 0.309294, 0.914710, 0.241195, -0.631165, -0.826499

-0.248944, 0.287974, 0.762032, 0.298639, -0.630710, -0.808236

-0.261298, 0.312965, 1.004898, 0.298639, -0.630710, -0.808236

-0.159447, 0.410589, 0.955185, 0.298639, -0.630710, -0.808236

-0.328935, 0.396271, 0.871322, 0.323188, -0.721253, -0.717406

-0.264868, 0.398190, 0.860631, 0.323188, -0.721253, -0.717406

-0.421433, 0.503240, 0.812931, 0.323188, -0.721253, -0.717406

-0.287927, 0.274026, 0.780808, 0.381276, -0.804267, -0.635034

-0.331242, 0.457299, 0.802568, 0.381276, -0.804267, -0.635034

-0.203000, 0.490810, 0.835598, 0.381276, -0.804267, -0.635034

-0.202637, 0.483378, 0.955665, 0.398444, -0.837264, -0.561783

-0.248979, 0.446046, 0.841605, 0.398444, -0.837264, -0.561783

-0.267115, 0.508833, 0.841232, 0.373035, -0.820156, -0.606836

-0.224938, 0.491717, 0.869242, 0.373035, -0.820156, -0.606836

-0.197938, 0.472841, 0.843640, 0.373035, -0.820156, -0.606836

-0.226880, 0.330634, 0.796621, 0.381126, -0.779067, -0.635372

-0.261445, 0.347942, 0.974967, 0.381126, -0.779067, -0.635372

-0.247911, 0.417134, 0.847703, 0.381126, -0.779067, -0.635372

-0.223505, 0.218829, 0.858684, 0.372395, -0.729939, -0.652839

-0.136526, 0.324233, 0.865422, 0.372395, -0.729939, -0.652839

-0.087530, 0.364008, 0.860443, 0.372395, -0.729939, -0.652839

-0.143329, 0.275273, 0.908293, 0.380547, -0.720315, -0.734143

-0.126247, 0.263244, 0.920317, 0.380547, -0.720315, -0.734143

-0.228263, 0.255284, 0.965621, 0.363577, -0.688438, -0.726194

-0.206308, 0.246404, 0.933008, 0.363577, -0.688438, -0.726194

-0.148501, 0.339105, 0.889113, 0.363577, -0.688438, -0.726194

-0.187274, 0.225494, 0.922268, 0.371807, -0.663019, -0.734923

-0.093466, 0.237700, 0.812435, 0.371807, -0.663019, -0.734923

-0.057439, 0.335074, 0.858709, 0.371807, -0.663019, -0.734923

-0.154244, 0.225465, 0.914450, 0.305887, -0.646912, -0.743621

-0.159189, 0.225390, 0.936256, 0.305887, -0.646912, -0.743621

-0.159231, 0.370551, 1.005973, 0.305887, -0.646912, -0.743621

-0.192948, 0.289666, 1.074695, 0.339539, -0.663028, -0.762958

-0.131995, 0.289746, 1.025315, 0.339539, -0.663028, -0.762958

-0.036134, 0.333687, 0.951045, 0.356254, -0.662339, -0.797940

-0.007099, 0.299859, 0.927508, 0.356254, -0.662339, -0.797940

-0.056025, 0.243097, 0.946459, 0.356254, -0.662339, -0.797940

-0.068943, 0.328458, 1.031303, 0.298633, -0.622561, -0.790148

-0.061209, 0.359619, 0.953804, 0.298633, -0.622561, -0.790148

-0.122276, 0.253344, 0.902524, 0.298633, -0.622561, -0.790148

-0.097196, 0.355616, 0.975518, 0.330572, -0.581449, -0.799058

-0.048327, 0.379655, 0.918041, 0.330572, -0.581449, -0.799058

-0.007291, 0.366700, 0.900396, 0.330572, -0.581449, -0.799058

-0.102115, 0.282955, 0.963953, 0.339219, -0.605744, -0.755329

-0.084135, 0.271061, 0.940269, 0.339219, -0.605744, -0.755329

-0.056284, 0.310026, 0.896531, 0.339319, -0.622544, -0.755104

-0.167444, 0.284361, 0.887330, 0.339319, -0.622544, -0.755104

-0.170476, 0.285397, 0.878387, 0.339319, -0.622544, -0.755104

-0.161476, 0.381805, 0.929528, 0.330793, -0.597583, -0.745651

-0.147322, 0.334894, 0.947665, 0.330793, -0.597583, -0.745651

-0.102417, 0.324099, 0.884393, 0.330793, -0.597583, -0.745651

-0.111306, 0.318983, 0.924065, 0.313846, -0.565841, -0.727902

-0.039349, 0.356827, 0.892394, 0.313846, -0.565841, -0.727902

-0.037334, 0.282268, 0.853088, 0.313941, -0.574492, -0.709589

-0.017302, 0.339876, 0.886604, 0.322341, -0.574388, -0.709580

-0.010239, 0.265255, 0.861205, 0.322341, -0.574388, -0.709580

-0.121393, 0.265424, 0.868741, 0.322461, -0.598072, -0.717660

-0.185331, 0.252404, 0.917183, 0.322461, -0.598072, -0.717660

-0.224383, 0.203760, 0.892482, 0.322461, -0.598072, -0.717660

-0.270311, 0.242414, 0.964541, 0.371364, -0.573921, -0.699726

-0.214176, 0.207468, 0.959955, 0.371364, -0.573921, -0.699726

-0.222315, 0.204665, 0.915300, 0.371364, -0.573921, -0.699726

-0.189174, 0.246233, 0.969774, 0.404990, -0.581772, -0.709376

-0.150945, 0.320485, 1.070727, 0.404990, -0.581772, -0.709376

-0.114180, 0.266142, 0.938201, 0.420493, -0.613281, -0.745327

-0.173218, 0.231388, 0.937169, 0.420493, -0.613281, -0.745327

-0.163148, 0.187569, 0.930476, 0.420493, -0.613281, -0.745327

-0.141290, 0.305038, 0.937913, 0.388504, -0.645993, -0.736530

-0.204294, 0.317945, 0.978295, 0.388504, -0.645993, -0.736530

-0.205342, 0.272290, 0.935861, 0.388504, -0.645993, -0.736530

-0.155540, 0.251692, 0.829007, 0.420568, -0.629945, -0.754901

-0.131650, 0.404900, 0.867027, 0.420568, -0.629945, -0.754901

-0.152708, 0.403976, 0.858028, 0.420568, -0.629945, -0.754901

-0.212785, 0.374243, 0.847048, 0.428788, -0.588228, -0.727456

-0.321995, 0.515616, 0.916391, 0.428788, -0.588228, -0.727456

-0.227223, 0.729625, 0.910720, 0.471195, -0.638730, -0.681933

-0.108568, 0.766886, 0.749271, 0.471195, -0.638730, -0.681933

-0.200246, 0.580583, 0.801440, 0.471195, -0.638730, -0.681933

-0.145397, 0.649375, 0.759636, 0.381308, -0.755740, -0.499910

-0.126820, 0.709566, 0.639378, 0.381308, -0.755740, -0.499910

-0.146917, 0.766338, 0.649939, 0.381308, -0.755740, -0.499910

-0.201933, 0.708698, 0.641097, 0.358315, -0.856669, -0.409002

-0.110220, 0.856194, 0.578207, 0.358315, -0.856669, -0.409002

-0.123381, 0.918021, 0.565953, 0.358315, -0.856669, -0.409002

-0.075776, 0.899670, 0.393610, 0.350612, -0.924310, -0.282128

-0.058745, 0.807204, 0.341551, 0.350612, -0.924310, -0.282128

-0.042659, 0.924373, 0.430311, 0.317564, -0.942730, -0.092958

-0.001991, 0.957619, 0.313241, 0.317564, -0.942730, -0.092958

0.016795, 0.981757, 0.243751, 0.317564, -0.942730, -0.092958

0.030610, 1.016789, 0.193038, 0.245314, -0.979215, 0.051613

0.091437, 1.004114, 0.093130, 0.245314, -0.979215, 0.051613

0.075318, 0.957554, 0.033782, 0.245314, -0.979215, 0.051613

0.113129, 1.051237, 0.002707, 0.196680, -0.973773, 0.222246

0.113086, 0.984703, -0.050533, 0.196680, -0.973773, 0.222246

0.283814, 0.408981, -0.914075, 0.097212, -0.902901, 0.373740

0.264876, 0.830973, -0.294250, 0.097212, -0.902901, 0.373740

0.215940, 0.890508, -0.211393, 0.097212, -0.902901, 0.373740

0.263316, 0.863511, -0.467019, 0.032636, -0.791751, 0.579327

0.222868, 0.879988, -0.589257, 0.032636, -0.791751, 0.579327

0.255386, 0.682531, -0.543532, 0.032636, -0.791751, 0.579327

0.204800, 0.602464, -0.420315, 0.047566, -0.630600, 0.782945

0.351623, 0.667658, -0.866496, 0.047566, -0.630600, 0.782945

0.218992, 0.608497, -0.702014, 0.047566, -0.630600, 0.782945

0.267304, 0.579280, -0.638211, 0.030075, -0.460480, 0.916414

0.250784, 0.375218, -0.925931, 0.030075, -0.460480, 0.916414

0.289928, 0.427717, -0.867522, -0.003218, -0.240912, 1.003008

0.216254, 0.382543, -0.741584, -0.003218, -0.240912, 1.003008

0.230914, 0.345227, -0.888160, -0.003218, -0.240912, 1.003008

0.180671, 0.340561, -0.946844, 0.021180, -0.102118, 1.009574

0.120687, 0.291822, -0.936900, 0.021180, -0.102118, 1.009574

0.117467, 0.175827, -1.078193, 0.021180, -0.102118, 1.009574

0.003358, 0.138169, -1.075441, 0.069280, 0.047001, 0.999236

0.000519, 0.271135, -0.941197, 0.069280, 0.047001, 0.999236

-0.074760, 0.327135, -0.963565, 0.298216, 0.140179, 0.943686

-0.252243, 0.263114, -1.070028, 0.298216, 0.140179, 0.943686

-0.285923, 0.286538, -0.928412, 0.298216, 0.140179, 0.943686

-0.447091, 0.264845, -0.911028, 0.494042, 0.143575, 0.872502

-0.447447, 0.359412, -0.634734, 0.494042, 0.143575, 0.872502

-0.659676, 0.463329, -0.881022, 0.494042, 0.143575, 0.872502

-0.588052, 0.438679, -0.719945, 0.683360, 0.049387, 0.766227

-0.516239, 0.430678, -0.484551, 0.683360, 0.049387, 0.766227

-0.768027, 0.503195, -0.576079, 0.683360, 0.049387, 0.766227

-0.725729, 0.508780, -0.493621, 0.813559, -0.012591, 0.606254

-0.768311, 0.562883, -0.295646, 0.813559, -0.012591, 0.606254

-0.801350, 0.552985, -0.296708, 0.871063, -0.076063, 0.489601

-0.844355, 0.559937, -0.271105, 0.871063, -0.076063, 0.489601

-0.795720, 0.519364, -0.103088, 0.871063, -0.076063, 0.489601

-0.760224, 0.489901, 0.031100, 0.919988, -0.091275, 0.418481

-0.840446, 0.543839, 0.029556, 0.919988, -0.091275, 0.418481

-0.823364, 0.637160, 0.102564, 0.919988, -0.091275, 0.418481

-0.777639, 0.442418, 0.213794, 0.953724, -0.178222, 0.257321

-0.854429, 0.459015, 0.337433, 0.953724, -0.178222, 0.257321

-0.793570, 0.529784, 0.296633, 0.986089, -0.273470, 0.087873

-0.761281, 0.452886, 0.333829, 0.986089, -0.273470, 0.087873

-0.760350, 0.478817, 0.324778, 0.986089, -0.273470, 0.087873

-0.800462, 0.607162, 0.382530, 0.945444, -0.312947, -0.029227

-0.764122, 0.550076, 0.446426, 0.945444, -0.312947, -0.029227

-0.807321, 0.572190, 0.414420, 0.945444, -0.312947, -0.029227

-0.817360, 0.548385, 0.392677, 0.962522, -0.363025, -0.036932

-0.776537, 0.678827, 0.385239, 0.962522, -0.363025, -0.036932

-0.773663, 0.532892, 0.256018, 0.962522, -0.363025, -0.036932

-0.823805, 0.404854, 0.160246, 0.937381, -0.355553, 0.007728

-0.849238, 0.492875, 0.076397, 0.937381, -0.355553, 0.007728

-0.859855, 0.589092, -0.073901, 0.962290, -0.234534, 0.186701

-0.871063, 0.446244, -0.222035, 0.962290, -0.234534, 0.186701

-0.852398, 0.434762, -0.353844, 0.962290, -0.234534, 0.186701

-0.856687, 0.457999, -0.437299, 0.912948, -0.066779, 0.462935

-0.826548, 0.287874, -0.504801, 0.912948, -0.066779, 0.462935

-0.719378, 0.188295, -0.562454, 0.912948, -0.066779, 0.462935

-0.795853, 0.163054, -0.698504, 0.755391, 0.141234, 0.667104

-0.726507, 0.206668, -0.935551, 0.755391, 0.141234, 0.667104

-0.511573, 0.152833, -0.762905, 0.755391, 0.141234, 0.667104

-0.414176, 0.121532, -0.697924, 0.584114, 0.269014, 0.789748

-0.352695, 0.184843, -0.872601, 0.584114, 0.269014, 0.789748

-0.353727, 0.128235, -0.915973, 0.329586, 0.280575, 0.941841

-0.221559, 0.137992, -0.924475, 0.329586, 0.280575, 0.941841

-0.134727, 0.214767, -0.985051, 0.329586, 0.280575, 0.941841

-0.042564, 0.091340, -1.050577, 0.165713, 0.301973, 0.969341

-0.012579, 0.165910, -1.029012, 0.165713, 0.301973, 0.969341

0.022511, 0.359607, -0.904850, 0.165713, 0.301973, 0.969341

0.128453, 0.207652, -1.070374, -0.022947, 0.242248, 0.969903

0.146045, 0.044881, -0.971306, -0.022947, 0.242248, 0.969903

0.189009, 0.167187, -0.936042, -0.023164, 0.267835, 0.941565

0.278958, 0.157341, -1.008085, -0.195364, 0.265716, 0.941375

0.407636, 0.003434, -0.934454, -0.195364, 0.265716, 0.941375

0.485514, 0.065238, -0.983085, -0.351634, 0.371556, 0.841775

0.485063, -0.055741, -0.864448, -0.351634, 0.371556, 0.841775

0.568676, -0.177771, -0.770303, -0.351634, 0.371556, 0.841775

0.574332, -0.030226, -0.805727, -0.475827, 0.494727, 0.732184

0.647908, -0.248618, -0.774631, -0.475827, 0.494727, 0.732184

0.619197, -0.261925, -0.667535, -0.475827, 0.494727, 0.732184

0.616152, -0.182357, -0.635202, -0.492297, 0.618308, 0.587732

0.672710, -0.443467, -0.625781, -0.492297, 0.618308, 0.587732

0.752982, -0.334473, -0.512944, -0.517923, 0.661002, 0.514340

0.706877, -0.367147, -0.542708, -0.517923, 0.661002, 0.514340

0.731271, -0.414368, -0.448151, -0.517923, 0.661002, 0.514340

0.747457, -0.474239, -0.427959, -0.493456, 0.727701, 0.369303

0.720586, -0.542994, -0.408870, -0.493456, 0.727701, 0.369303

0.771652, -0.493372, -0.385124, -0.493456, 0.727701, 0.369303

0.696822, -0.549273, -0.318656, -0.470325, 0.819727, 0.314907

0.746761, -0.487559, -0.330683, -0.470325, 0.819727, 0.314907

0.728143, -0.588446, -0.247921, -0.436843, 0.828927, 0.286831

0.689874, -0.544375, -0.293905, -0.436843, 0.828927, 0.286831

0.690132, -0.653045, -0.268571, -0.436843, 0.828927, 0.286831

0.768388, -0.640437, -0.215778, -0.379655, 0.861949, 0.278062

0.712058, -0.563492, -0.254053, -0.379655, 0.861949, 0.278062

0.673262, -0.595574, -0.181621, -0.379655, 0.861949, 0.278062

0.717880, -0.577171, -0.326379, -0.338979, 0.845783, 0.268533

0.683856, -0.618893, -0.340183, -0.338979, 0.845783, 0.268533

0.758116, -0.532745, -0.241143, -0.387690, 0.828661, 0.349885

0.744839, -0.629785, -0.385542, -0.387690, 0.828661, 0.349885

0.831847, -0.495597, -0.352162, -0.387690, 0.828661, 0.349885

0.811920, -0.461906, -0.296849, -0.436246, 0.778189, 0.413489

0.914963, -0.416214, -0.311583, -0.436246, 0.778189, 0.413489

0.876797, -0.375260, -0.323825, -0.436246, 0.778189, 0.413489

0.896721, -0.323472, -0.330952, -0.533518, 0.668681, 0.451229

0.901702, -0.278721, -0.314290, -0.533518, 0.668681, 0.451229

0.883495, -0.188014, -0.322737, -0.615248, 0.553145, 0.533861

0.874427, -0.153141, -0.320957, -0.615248, 0.553145, 0.533861

0.955500, -0.082648, -0.299189, -0.615248, 0.553145, 0.533861

0.910751, -0.110819, -0.204974, -0.688764, 0.444181, 0.553426

0.903384, 0.024827, -0.248322, -0.688764, 0.444181, 0.553426

0.894032, 0.127654, -0.304411, -0.688764, 0.444181, 0.553426

1.015310, 0.130307, -0.273238, -0.760584, 0.295668, 0.600120

0.915151, 0.172228, -0.249004, -0.760584, 0.295668, 0.600120

0.872890, 0.213307, -0.292012, -0.760584, 0.295668, 0.600120

0.858816, 0.317756, -0.248929, -0.817271, 0.156979, 0.557118

0.852765, 0.398325, -0.216611, -0.817271, 0.156979, 0.557118

0.855548, 0.491041, -0.238880, -0.807497, -0.049586, 0.622891

0.878637, 0.477016, -0.228809, -0.807497, -0.049586, 0.622891

0.776317, 0.633443, -0.192249, -0.807497, -0.049586, 0.622891

0.681272, 0.606639, -0.171627, -0.774229, -0.236539, 0.607245

0.724015, 0.733211, -0.209790, -0.774229, -0.236539, 0.607245

0.662178, 0.601788, -0.196471, -0.774229, -0.236539, 0.607245

0.659503, 0.927668, -0.237760, -0.691853, -0.441089, 0.591899

0.479705, 0.817030, -0.134696, -0.691853, -0.441089, 0.591899

0.465733, 0.887554, -0.076567, -0.510421, -0.593765, 0.557785

0.471618, 0.887707, -0.119201, -0.510421, -0.593765, 0.557785

0.396504, 0.919637, -0.098796, -0.510421, -0.593765, 0.557785

0.335646, 0.964157, 0.008892, -0.345829, -0.746416, 0.506852

0.326110, 0.986722, -0.156912, -0.345829, -0.746416, 0.506852

0.243143, 0.957833, -0.117389, -0.345829, -0.746416, 0.506852

0.207151, 0.935945, -0.107491, -0.181613, -0.818466, 0.498229

0.145859, 0.969109, -0.155488, -0.181613, -0.818466, 0.498229

0.113624, 1.019101, -0.189576, 0.024187, -0.815934, 0.498456

0.038762, 0.925473, -0.155658, 0.024187, -0.815934, 0.498456

-0.038643, 0.958779, -0.233472, 0.024187, -0.815934, 0.498456

-0.075496, 0.908881, -0.191697, 0.236937, -0.804916, 0.498579

-0.115653, 0.921002, -0.216699, 0.236937, -0.804916, 0.498579

-0.149015, 0.924448, -0.320993, 0.236937, -0.804916, 0.498579

-0.156253, 0.936684, -0.391509, 0.408738, -0.753180, 0.453311

-0.187362, 0.904020, -0.431139, 0.408738, -0.753180, 0.453311

-0.197578, 0.827772, -0.543885, 0.408738, -0.753180, 0.453311

-0.242758, 0.843897, -0.571902, 0.523105, -0.646488, 0.533208

-0.244858, 0.829119, -0.613500, 0.523105, -0.646488, 0.533208

-0.306945, 0.671189, -0.701232, 0.603426, -0.457860, 0.630160

-0.392054, 0.652423, -0.703429, 0.603426, -0.457860, 0.630160

-0.377823, 0.553731, -0.689005, 0.603426, -0.457860, 0.630160

-0.399932, 0.535977, -0.724708, 0.676960, -0.334114, 0.655188

-0.529376, 0.519626, -0.816353, 0.676960, -0.334114, 0.655188

-0.557205, 0.417025, -0.802061, 0.676960, -0.334114, 0.655188

-0.489017, 0.453572, -0.753390, 0.782171, -0.167769, 0.563505

-0.611010, 0.342213, -0.749312, 0.782171, -0.167769, 0.563505

-0.637916, 0.227786, -0.768686, 0.781332, -0.043951, 0.517051

-0.643576, 0.231314, -0.646711, 0.862532, -0.042952, 0.517141

-0.606507, 0.174583, -0.676059, 0.862532, -0.042952, 0.517141

-0.672455, 0.086042, -0.673876, 0.886861, 0.071878, 0.434446

-0.781375, 0.057081, -0.603694, 0.886861, 0.071878, 0.434446

-0.787485, 0.014488, -0.663025, 0.886861, 0.071878, 0.434446

-0.719070, -0.159964, -0.658947, 0.951639, 0.205658, 0.333351

-0.761719, -0.239947, -0.561494, 0.951639, 0.205658, 0.333351

-0.796646, -0.378201, -0.597643, 0.951639, 0.205658, 0.333351

-0.747198, -0.438405, -0.505908, 0.933461, 0.387789, 0.204907

-0.666728, -0.496642, -0.422008, 0.933461, 0.387789, 0.204907

-0.699547, -0.603233, -0.403747, 0.858154, 0.520330, 0.068658

-0.695394, -0.638218, -0.373801, 0.858154, 0.520330, 0.068658

-0.655061, -0.651562, -0.289273, 0.858154, 0.520330, 0.068658

-0.606789, -0.689672, -0.244274, 0.767677, 0.602668, -0.094931

-0.668720, -0.756371, -0.225321, 0.767677, 0.602668, -0.094931

-0.644288, -0.805630, -0.118850, 0.767677, 0.602668, -0.094931

-0.570138, -0.832639, -0.123412, 0.734959, 0.636326, -0.229799

-0.540876, -0.813096, -0.038093, 0.734959, 0.636326, -0.229799

-0.443474, -0.842415, 0.029854, 0.635103, 0.662041, -0.356247

-0.496575, -0.882054, 0.001091, 0.635103, 0.662041, -0.356247

-0.424406, -0.847468, 0.039867, 0.635103, 0.662041, -0.356247

-0.365178, -0.914340, 0.047352, 0.545270, 0.678492, -0.411171

-0.309783, -1.004289, 0.100567, 0.545270, 0.678492, -0.411171

-0.267922, -0.951419, 0.060778, 0.545270, 0.678492, -0.411171

-0.179533, -1.005572, 0.114928, 0.446787, 0.719257, -0.511225

-0.185695, -1.014306, 0.057414, 0.446787, 0.719257, -0.511225

-0.108467, -1.006631, 0.098324, 0.331676, 0.766961, -0.520410

-0.001392, -1.021606, 0.057119, 0.331676, 0.766961, -0.520410

0.008432, -1.029323, -0.013238, 0.331676, 0.766961, -0.520410

0.049532, -1.022485, 0.002747, 0.225104, 0.830216, -0.431811

0.239549, -1.046304, -0.108547, 0.225104, 0.830216, -0.431811

0.268346, -0.913845, -0.117031, 0.225104, 0.830216, -0.431811

0.250240, -0.902779, -0.136989, 0.110276, 0.876316, -0.324795

0.308315, -0.978393, -0.187000, 0.110276, 0.876316, -0.324795

0.328231, -0.908706, -0.186279, 0.110276, 0.876316, -0.324795

0.455015, -0.870619, -0.307032, -0.021308, 0.921960, -0.199599

0.400901, -0.783025, -0.265994, -0.021308, 0.921960, -0.199599

0.539484, -0.827478, -0.167073, -0.176560, 0.927328, -0.118683

0.605903, -0.760107, -0.363576, -0.176560, 0.927328, -0.118683

0.551689, -0.685303, -0.364138, -0.176560, 0.927328, -0.118683

0.605694, -0.596838, -0.340572, -0.282603, 0.915881, 0.007313

0.585265, -0.579386, -0.466711, -0.282603, 0.915881, 0.007313

0.675278, -0.442223, -0.431351, -0.282603, 0.915881, 0.007313

0.698740, -0.314294, -0.554900, -0.502959, 0.813673, 0.116184

0.852134, -0.344582, -0.520474, -0.502959, 0.813673, 0.116184

0.702610, -0.181938, -0.524785, -0.576124, 0.720302, 0.324506

0.798037, -0.054937, -0.699654, -0.576124, 0.720302, 0.324506

0.830515, -0.016793, -0.531090, -0.576124, 0.720302, 0.324506

0.731721, 0.203864, -0.621806, -0.697996, 0.544849, 0.452682

0.770960, 0.161821, -0.585748, -0.697996, 0.544849, 0.452682

0.868172, 0.151632, -0.571461, -0.697996, 0.544849, 0.452682

0.742738, 0.270435, -0.583406, -0.769351, 0.322000, 0.510172

0.639537, 0.327318, -0.563225, -0.769351, 0.322000, 0.510172

0.640319, 0.405126, -0.593363, -0.842451, 0.156554, 0.565490

0.640116, 0.556461, -0.575260, -0.842451, 0.156554, 0.565490

0.614123, 0.512713, -0.584066, -0.842451, 0.156554, 0.565490

0.579953, 0.700768, -0.514682, -0.792092, -0.057546, 0.604820

0.472321, 0.477627, -0.459414, -0.792092, -0.057546, 0.604820

0.570557, 0.526046, -0.403749, -0.792092, -0.057546, 0.604820

0.478811, 0.854297, -0.762800, -0.757749, -0.179048, 0.614893

0.392976, 0.624471, -0.792730, -0.757749, -0.179048, 0.614893

0.292056, 0.444446, -0.815023, -0.757733, -0.131786, 0.740235

0.207638, 0.592062, -0.826962, -0.668133, -0.130684, 0.740334

0.272400, 0.655007, -0.907389, -0.668133, -0.130684, 0.740334

0.202503, 0.588261, -0.872593, -0.570095, -0.114812, 0.793435

0.182800, 0.612713, -0.745811, -0.570095, -0.114812, 0.793435

0.188746, 0.567068, -0.794172, -0.570095, -0.114812, 0.793435

0.011377, 0.602284, -0.803909, -0.511960, -0.212975, 0.857815

0.226853, 0.677259, -0.714227, -0.511960, -0.212975, 0.857815

0.117657, 0.717238, -0.698944, -0.511960, -0.212975, 0.857815

0.157068, 0.628257, -0.630911, -0.462990, -0.228438, 0.804894

0.137136, 0.579461, -0.624791, -0.462990, -0.228438, 0.804894

0.134430, 0.643994, -0.828472, -0.511697, -0.292939, 0.769305

0.128341, 0.787227, -0.772655, -0.511697, -0.292939, 0.769305

0.148634, 0.847474, -0.647890, -0.511697, -0.292939, 0.769305

0.228932, 0.702002, -0.673670, -0.560381, -0.350807, 0.760222

0.056433, 0.807955, -0.689689, -0.560381, -0.350807, 0.760222

0.206600, 0.859463, -0.684444, -0.560381, -0.350807, 0.760222

0.067639, 0.855395, -0.597629, -0.519273, -0.449244, 0.728001

0.084552, 0.779663, -0.337300, -0.519273, -0.449244, 0.728001

0.062227, 0.756229, -0.450349, -0.485500, -0.489044, 0.700584

0.054765, 0.818452, -0.568726, -0.485500, -0.489044, 0.700584

-0.046930, 1.203961, -0.528330, -0.485500, -0.489044, 0.700584

-0.048454, 1.035373, -0.462037, -0.461317, -0.585631, 0.620726

-0.024142, 0.839178, -0.481817, -0.461317, -0.585631, 0.620726

-0.108917, 1.146959, -0.180091, -0.461317, -0.585631, 0.620726

0.120139, 1.055518, -0.338527, -0.369915, -0.673378, 0.568830

-0.533383, 0.665416, -0.388552, -0.369915, -0.673378, 0.568830

-0.177191, 1.072758, -0.280160, -0.370093, -0.672374, 0.496030

-0.264155, 0.703958, -0.434399, -0.296853, -0.745678, 0.497106

-0.362036, 0.980070, -0.180178, -0.296853, -0.745678, 0.497106

-0.458628, 1.153750, -0.229984, -0.107685, -0.760539, 0.525540

-0.343051, 0.716719, -0.348443, -0.107685, -0.760539, 0.525540

-0.481411, 0.957666, -0.256878, -0.107685, -0.760539, 0.525540

-0.517393, 0.782710, -0.332529, 0.031006, -0.774234, 0.525900

-0.571175, 0.690972, -0.281681, 0.031006, -0.774234, 0.525900

-0.764478, 0.772810, -0.233177, 0.031006, -0.774234, 0.525900

-0.746207, 0.559772, -0.273728, 0.219781, -0.723276, 0.552051

-0.754999, 0.549557, -0.203279, 0.219781, -0.723276, 0.552051

-1.100457, 0.351281, -0.287861, 0.472523, -0.598726, 0.577295

-0.946011, 0.271232, -0.265091, 0.472523, -0.598726, 0.577295

-0.879516, 0.173203, -0.187989, 0.472523, -0.598726, 0.577295

-1.075774, -0.021315, -0.282966, 0.685451, -0.366993, 0.610848

-0.820150, -0.104549, -0.255850, 0.685451, -0.366993, 0.610848

-0.888956, -0.251916, -0.237517, 0.685451, -0.366993, 0.610848

-1.085287, -0.397640, -0.328766, 0.798669, -0.095496, 0.615746

-0.956247, -0.254853, 0.041000, 0.798669, -0.095496, 0.615746

-0.946240, -0.598739, -0.161620, 0.797187, 0.151020, 0.604038

-0.813995, -0.412174, -0.041042, 0.771987, 0.150710, 0.604010

-0.828059, -0.782808, -0.270401, 0.771987, 0.150710, 0.604010

-0.705406, -0.659393, -0.041422, 0.738153, 0.397698, 0.529265

-0.591826, -0.735654, 0.051613, 0.738153, 0.397698, 0.529265

-0.712314, -0.648583, 0.000163, 0.738153, 0.397698, 0.529265

-0.559651, -0.731898, 0.096349, 0.630269, 0.610444, 0.435290

-0.543416, -0.697417, 0.188491, 0.630269, 0.610444, 0.435290

-0.586360, -0.829688, 0.154267, 0.630269, 0.610444, 0.435290

-0.570066, -0.871811, 0.221987, 0.505885, 0.765816, 0.325268

-0.325320, -0.832961, 0.367501, 0.505885, 0.765816, 0.325268

-0.389399, -0.875613, 0.350618, 0.406903, 0.872999, 0.179531

-0.273129, -0.852079, 0.393574, 0.406903, 0.872999, 0.179531

-0.268220, -0.785369, 0.398223, 0.406903, 0.872999, 0.179531

-0.239219, -0.818159, 0.363769, 0.299851, 0.938977, 0.070730

-0.148003, -0.812453, 0.391844, 0.299851, 0.938977, 0.070730

0.058657, -0.955380, 0.423046, 0.299851, 0.938977, 0.070730

-0.032841, -0.915000, 0.325306, 0.184777, 0.962118, 0.015683

-0.027617, -0.973930, 0.365293, 0.184777, 0.962118, 0.015683

-0.057751, -0.948917, 0.350183, 0.184777, 0.962118, 0.015683

-0.090272, -1.025765, 0.144114, 0.076979, 0.945894, -0.020629

0.160076, -0.432805, 0.471433, 0.076979, 0.945894, -0.020629

-0.154956, -0.078677, 1.524020, -0.094395, 0.955166, -0.236530

0.172637, -0.469633, 0.979548, -0.094395, 0.955166, -0.236530

0.186581, -0.611362, 0.526963, -0.094395, 0.955166, -0.236530

0.168121, -0.608100, 0.724283, -0.136455, 0.875158, -0.460867

0.220673, -0.306354, 0.717037, -0.136455, 0.875158, -0.460867

0.204296, -0.480109, 0.838853, -0.136455, 0.875158, -0.460867

0.102304, -0.499033, 0.886195, -0.283058, 0.792633, -0.494939

0.161409, -0.519031, 0.878569, -0.283058, 0.792633, -0.494939

0.211410, -0.406710, 0.916883, -0.283058, 0.792633, -0.494939

0.165048, -0.268101, 0.898181, -0.291530, 0.768584, -0.585610

0.222012, -0.291889, 0.840967, -0.291530, 0.768584, -0.585610

0.267990, 0.011283, 0.984471, -0.323427, 0.663642, -0.718617

0.069524, -0.099479, 0.868243, -0.323427, 0.663642, -0.718617

0.001204, 0.234228, 1.675806, -0.323427, 0.663642, -0.718617

0.036219, 0.121551, 0.909692, -0.282051, 0.462213, -0.895027

0.085003, 0.048303, 0.766391, -0.282051, 0.462213, -0.895027

-0.051236, 0.230137, 1.207428, -0.282051, 0.462213, -0.895027

0.044119, 0.280704, 0.963497, -0.280946, 0.265180, -0.918976

-0.008566, 0.421723, 0.838619, -0.280946, 0.265180, -0.918976

-0.069823, 0.236864, 1.019846, -0.280946, 0.265180, -0.918976

-0.050600, 0.454552, 0.869058, -0.247986, 0.119214, -0.963167

-0.068668, 0.440722, 0.847238, -0.247986, 0.119214, -0.963167

-0.135582, 0.507179, 0.951820, -0.247986, 0.119214, -0.963167

-0.197315, 0.505140, 0.732383, -0.189876, -0.003164, -0.969849

-0.197277, 0.543851, 0.767904, -0.189876, -0.003164, -0.969849

-0.213362, 0.559859, 0.756856, -0.146955, -0.158048, -0.967716

-0.321856, 0.668807, 0.709309, -0.146955, -0.158048, -0.967716

-0.443192, 0.748721, 0.706498, -0.146955, -0.158048, -0.967716

-0.372067, 0.616393, 0.633997, -0.015525, -0.346064, -0.920234

-0.477381, 0.744984, 0.657787, -0.015525, -0.346064, -0.920234

-0.522168, 0.681083, 0.718450, -0.015525, -0.346064, -0.920234

-0.535408, 0.550202, 0.567274, 0.067618, -0.411717, -0.856259

-0.576486, 0.593028, 0.587748, 0.067618, -0.411717, -0.856259

-0.676711, 0.618141, 0.579330, 0.067618, -0.411717, -0.856259

-0.728566, 0.468854, 0.570949, 0.190792, -0.401936, -0.846436

-0.741325, 0.380080, 0.609035, 0.190792, -0.401936, -0.846436

-0.776346, 0.435754, 0.653274, 0.345493, -0.293238, -0.875694

-0.844454, 0.294746, 0.571389, 0.345493, -0.293238, -0.875694

-0.768859, 0.146895, 0.648769, 0.345493, -0.293238, -0.875694

-0.871336, 0.226006, 0.586510, 0.475101, -0.177339, -0.840691

-0.940542, 0.094071, 0.476801, 0.475101, -0.177339, -0.840691

-0.790377, -0.089968, 0.345320, 0.475101, -0.177339, -0.840691

-0.900986, 0.130444, 0.324001, 0.580959, -0.070132, -0.805603

-1.059726, 0.112165, 0.489181, 0.580959, -0.070132, -0.805603

-0.904652, 0.080311, 0.411528, 0.580959, -0.070132, -0.805603

-0.955803, -0.053679, 0.309830, 0.637934, 0.012807, -0.780049

-0.963968, -0.112104, 0.223786, 0.637934, 0.012807, -0.780049

-0.954071, -0.088113, 0.196920, 0.720071, 0.127388, -0.691899

-0.849345, -0.083747, 0.048479, 0.720071, 0.127388, -0.691899

-0.967134, -0.100955, 0.175113, 0.720071, 0.127388, -0.691899

-0.881686, -0.275445, 0.181237, 0.793958, 0.216665, -0.603420

-1.007029, -0.264099, 0.138077, 0.793958, 0.216665, -0.603420

-0.941091, -0.294808, 0.063074, 0.793958, 0.216665, -0.603420

-0.887955, -0.312860, 0.070297, 0.776482, 0.355589, -0.542319

-0.929683, -0.342051, 0.169488, 0.776482, 0.355589, -0.542319

-1.054120, -0.563149, -0.041161, 0.776482, 0.355589, -0.542319

-1.004213, -0.480521, -0.052300, 0.759530, 0.395480, -0.506483

-0.979241, -0.466563, -0.067159, 0.759530, 0.395480, -0.506483

-0.855194, -0.532183, -0.156661, 0.792415, 0.566356, -0.382758

-0.754314, -0.457456, -0.209241, 0.792415, 0.566356, -0.382758

-0.788153, -0.608745, -0.223498, 0.792415, 0.566356, -0.382758

-0.700588, -0.496835, -0.355667, 0.726715, 0.620455, -0.203001

-0.634826, -0.432896, -0.436094, 0.726715, 0.620455, -0.203001

-0.687821, -0.607840, -0.506847, 0.726715, 0.620455, -0.203001

-0.669464, -0.501642, -0.675938, 0.767594, 0.666730, 0.030185

-0.574399, -0.463931, -0.683718, 0.767594, 0.666730, 0.030185

-0.544367, -0.448062, -0.679720, 0.751304, 0.655517, 0.219280

-0.459547, -0.390156, -0.754099, 0.751304, 0.655517, 0.219280

-0.371394, -0.397288, -0.753748, 0.751304, 0.655517, 0.219280

-0.374922, -0.318081, -0.887073, 0.662443, 0.619105, 0.445013

-0.309991, -0.295113, -0.932584, 0.662443, 0.619105, 0.445013

-0.129861, -0.160062, -0.907803, 0.662443, 0.619105, 0.445013

-0.135317, -0.104804, -1.029114, 0.582464, 0.508366, 0.688552

-0.121300, -0.140602, -1.051703, 0.582464, 0.508366, 0.688552

0.052168, -0.002022, -0.904950, 0.435391, 0.339371, 0.833407

0.078914, 0.038074, -0.983417, 0.435391, 0.339371, 0.833407

0.154032, 0.014090, -0.997910, 0.435391, 0.339371, 0.833407

0.296844, 0.279742, -0.985807, 0.264261, 0.189132, 0.916391

0.241073, 0.120406, -0.969353, 0.264261, 0.189132, 0.916391

0.200987, 0.172187, -0.946936, 0.264261, 0.189132, 0.916391

0.433186, 0.410526, -0.866924, 0.084885, 0.005442, 0.981617

0.402285, 0.289134, -0.886278, 0.084885, 0.005442, 0.981617

0.434777, 0.400807, -0.670461, 0.084885, 0.005442, 0.981617

0.502586, 0.554133, -0.683866, -0.069397, -0.192219, 0.965877

0.541783, 0.542954, -0.643992, -0.069397, -0.192219, 0.965877

0.542990, 0.546659, -0.571592, -0.149774, -0.364298, 0.886900

0.508879, 0.598476, -0.561057, -0.149774, -0.364298, 0.886900

0.533765, 0.680130, -0.566329, -0.149774, -0.364298, 0.886900

0.547714, 0.712999, -0.572392, -0.165821, -0.527069, 0.799481

0.480724, 0.725886, -0.525081, -0.165821, -0.527069, 0.799481

0.544384, 0.640561, -0.382582, -0.165821, -0.527069, 0.799481

0.514081, 0.794999, -0.380474, -0.148869, -0.566960, 0.763645

0.433964, 0.832896, -0.355156, -0.148869, -0.566960, 0.763645

0.399996, 0.794083, -0.348143, -0.124700, -0.656702, 0.694893

0.380978, 0.811990, -0.333420, -0.124700, -0.656702, 0.694893

0.357800, 0.998070, -0.273907, -0.124700, -0.656702, 0.694893

0.391714, 0.922659, -0.365668, -0.050170, -0.768600, 0.552317

0.328733, 0.920628, -0.326205, -0.050170, -0.768600, 0.552317

0.385971, 0.876602, -0.300984, -0.050170, -0.768600, 0.552317

0.345919, 0.778265, -0.354211, 0.039488, -0.798945, 0.498248

0.368847, 0.993043, -0.266899, 0.039488, -0.798945, 0.498248

0.303117, 1.003602, -0.132278, 0.039160, -0.797091, 0.363848

0.270341, 0.912857, -0.090287, 0.105400, -0.870482, 0.364917

0.297270, 0.962651, -0.100355, 0.105400, -0.870482, 0.364917

0.249456, 1.017056, 0.021219, 0.096873, -0.884749, 0.275514

0.285522, 1.049779, 0.043011, 0.096873, -0.884749, 0.275514

0.183758, 0.859609, 0.069371, 0.096873, -0.884749, 0.275514

0.159906, 0.879285, 0.144579, 0.145722, -0.915757, 0.131820

0.205957, 1.001479, 0.207630, 0.145722, -0.915757, 0.131820

0.188088, 1.004283, 0.264094, 0.145722, -0.915757, 0.131820

0.154028, 0.963603, 0.238381, 0.195956, -0.937199, 0.006195

0.204135, 0.981367, 0.258313, 0.195956, -0.937199, 0.006195

0.220253, 0.901707, 0.243882, 0.244672, -0.928226, -0.093245

0.120157, 0.961437, 0.299772, 0.244672, -0.928226, -0.093245

0.124138, 0.928665, 0.272172, 0.244672, -0.928226, -0.093245

0.036305, 0.919474, 0.372092, 0.301705, -0.901084, -0.183120

0.094933, 0.992532, 0.254890, 0.301705, -0.901084, -0.183120

0.019754, 0.784708, 0.457012, 0.301705, -0.901084, -0.183120

0.057974, 1.091855, 0.346523, 0.365822, -0.874338, -0.237987

0.010752, 0.977836, 0.229861, 0.365822, -0.874338, -0.237987

-0.031068, 0.843416, 0.236324, 0.365822, -0.874338, -0.237987

-0.029122, 0.954801, 0.281414, 0.407979, -0.867942, -0.156835

0.039477, 1.023924, 0.146412, 0.407979, -0.867942, -0.156835

-0.026337, 0.939497, -0.146040, 0.457215, -0.860561, -0.039294

-0.108747, 1.023179, 0.149853, 0.457215, -0.860561, -0.039294

-0.095532, 1.116643, -0.072761, 0.457215, -0.860561, -0.039294

-0.120448, 0.979370, -0.109871, 0.522923, -0.787521, 0.102582

-0.211367, 0.989176, -0.026919, 0.522923, -0.787521, 0.102582

-0.182773, 1.020527, -0.163863, 0.522923, -0.787521, 0.102582

-0.254077, 1.014940, -0.232537, 0.588616, -0.707636, 0.255565

-0.318108, 0.910606, -0.268957, 0.588616, -0.707636, 0.255565

-0.340310, 0.904900, -0.329518, 0.637374, -0.633953, 0.335822

-0.351385, 0.921892, -0.339561, 0.637374, -0.633953, 0.335822

-0.352400, 0.783763, -0.424196, 0.637374, -0.633953, 0.335822

-0.350494, 0.782892, -0.457912, 0.685833, -0.503102, 0.432109

-0.424687, 0.791074, -0.479049, 0.685833, -0.503102, 0.432109

-0.410689, 0.681755, -0.550876, 0.685833, -0.503102, 0.432109

-0.410919, 0.657210, -0.644001, 0.725967, -0.374140, 0.556406

-0.429906, 0.626376, -0.646894, 0.725967, -0.374140, 0.556406

-0.444938, 0.539948, -0.700090, 0.725967, -0.374140, 0.556406

-0.486243, 0.517476, -0.795357, 0.725292, -0.195780, 0.716380

-0.349042, 0.473523, -0.826392, 0.725292, -0.195780, 0.716380

-0.423068, 0.412909, -0.830327, 0.641821, -0.025446, 0.775577

-0.398883, 0.342109, -0.820965, 0.641821, -0.025446, 0.775577

-0.365101, 0.378184, -0.893435, 0.641821, -0.025446, 0.775577

-0.320810, 0.275446, -0.876900, 0.585208, 0.088279, 0.801973

-0.331909, 0.255696, -0.916521, 0.585208, 0.088279, 0.801973

-0.378251, 0.255136, -1.008938, 0.585208, 0.088279, 0.801973

-0.341916, 0.212965, -0.938171, 0.502057, 0.201329, 0.853541

-0.309653, 0.195734, -0.875476, 0.502057, 0.201329, 0.853541

-0.282771, 0.173038, -0.943714, 0.502057, 0.201329, 0.853541

-0.267718, 0.177942, -0.930789, 0.378456, 0.281911, 0.888696

-0.254587, 0.110191, -0.932393, 0.378456, 0.281911, 0.888696

-0.214776, 0.163125, -0.988061, 0.337671, 0.305463, 0.870131

-0.236931, 0.155371, -1.033733, 0.337671, 0.305463, 0.870131

-0.194831, 0.151277, -1.024634, 0.337671, 0.305463, 0.870131

-0.161592, 0.093330, -0.994471, 0.288765, 0.296209, 0.888390

-0.150642, 0.080478, -1.025120, 0.288765, 0.296209, 0.888390

-0.103345, 0.009538, -0.989882, 0.288765, 0.296209, 0.888390

-0.011263, -0.023340, -1.031053, 0.205578, 0.401342, 0.905070

-0.006167, -0.012532, -0.994385, 0.205578, 0.401342, 0.905070

0.066446, -0.280666, -0.978920, 0.032095, 0.572910, 0.794767

0.121514, -0.213156, -0.946319, 0.032095, 0.572910, 0.794767

0.165946, -0.311107, -0.879217, 0.032095, 0.572910, 0.794767

0.290014, -0.299233, -0.916525, -0.115843, 0.679240, 0.667176

0.312452, -0.431985, -0.855282, -0.115843, 0.679240, 0.667176

0.374709, -0.375654, -0.768042, -0.115843, 0.679240, 0.667176

0.408943, -0.414711, -0.729041, -0.288672, 0.744273, 0.568103

0.520415, -0.468966, -0.658937, -0.288672, 0.744273, 0.568103

0.543300, -0.405200, -0.674047, -0.289002, 0.746146, 0.432303

0.561890, -0.503367, -0.538590, -0.395693, 0.793837, 0.431527

0.607211, -0.576327, -0.495415, -0.395693, 0.793837, 0.431527

0.672951, -0.440801, -0.541475, -0.485958, 0.837091, 0.260065

0.673517, -0.566770, -0.420826, -0.485958, 0.837091, 0.260065

0.693817, -0.592005, -0.343256, -0.485958, 0.837091, 0.260065

0.711647, -0.499346, -0.357534, -0.470956, 0.854418, 0.133875

0.729051, -0.594288, -0.283600, -0.470956, 0.854418, 0.133875

0.760070, -0.581383, -0.286528, -0.470956, 0.854418, 0.133875

0.752205, -0.542802, -0.213340, -0.471192, 0.847640, 0.016388

0.776464, -0.588852, -0.164420, -0.471192, 0.847640, 0.016388

0.809289, -0.541901, -0.215124, -0.486884, 0.857222, -0.083142

0.733554, -0.568111, -0.098214, -0.486884, 0.857222, -0.083142

0.721728, -0.552441, -0.022943, -0.486884, 0.857222, -0.083142

0.769642, -0.533430, -0.067504, -0.471579, 0.841712, -0.162700

0.806931, -0.583492, -0.017525, -0.471579, 0.841712, -0.162700

0.780000, -0.545823, 0.042703, -0.471579, 0.841712, -0.162700

0.798091, -0.489287, 0.097049, -0.487135, 0.835642, -0.243823

0.799099, -0.513149, 0.085266, -0.487135, 0.835642, -0.243823

0.886429, -0.530452, 0.141214, -0.503765, 0.810120, -0.235103

0.799201, -0.500363, 0.127858, -0.503765, 0.810120, -0.235103

0.841409, -0.480745, 0.187431, -0.503765, 0.810120, -0.235103

0.839592, -0.478004, 0.252881, -0.520521, 0.809662, -0.216921

0.837501, -0.492794, 0.214260, -0.520521, 0.809662, -0.216921

0.854361, -0.427009, 0.195150, -0.520521, 0.809662, -0.216921

0.825736, -0.491118, 0.302495, -0.544221, 0.792569, -0.216722

0.658364, -0.493661, 0.264212, -0.544221, 0.792569, -0.216722

0.884457, -0.458931, 0.193430, -0.544123, 0.808249, -0.135748

0.897705, -0.463228, 0.268889, -0.560923, 0.808043, -0.135766

0.794209, -0.419872, 0.180019, -0.560923, 0.808043, -0.135766

0.833240, -0.443753, 0.155477, -0.650075, 0.781403, -0.009545

0.922541, -0.516674, 0.168059, -0.650075, 0.781403, -0.009545

0.833143, -0.353184, 0.174871, -0.650075, 0.781403, -0.009545

0.853050, -0.413682, 0.096874, -0.714990, 0.695753, 0.153891

0.896807, -0.584613, 0.233771, -0.714990, 0.695753, 0.153891

0.979856, -0.372641, -0.014965, -0.714990, 0.695753, 0.153891

0.889657, -0.242211, 0.041605, -0.771283, 0.561593, 0.289995

0.907586, -0.253044, 0.001051, -0.771283, 0.561593, 0.289995

0.868881, -0.360781, 0.060960, -0.819580, 0.478535, 0.382031

0.870188, -0.175012, -0.069896, -0.819580, 0.478535, 0.382031

0.919420, -0.151448, -0.003373, -0.819580, 0.478535, 0.382031

0.855749, -0.056170, -0.143937, -0.843623, 0.297142, 0.419429

1.068734, 0.077092, -0.187475, -0.843623, 0.297142, 0.419429

1.032196, -0.068630, -0.093645, -0.843623, 0.297142, 0.419429

0.866829, 0.034171, -0.069944, -0.850975, 0.149035, 0.494193

0.992657, 0.135808, -0.138438, -0.850975, 0.149035, 0.494193

1.009280, 0.250603, -0.210364, -0.850975, 0.149035, 0.494193

0.954395, 0.140116, -0.205058, -0.858365, -0.000202, 0.549377

0.920056, 0.317460, -0.200101, -0.858365, -0.000202, 0.549377

0.912971, 0.265888, -0.255423, -0.766217, -0.163887, 0.624477

0.868074, 0.393949, -0.121305, -0.766217, -0.163887, 0.624477

0.805844, 0.511509, -0.098299, -0.766217, -0.163887, 0.624477

0.799779, 0.453948, -0.150612, -0.707738, -0.366828, 0.572685

0.803483, 0.576582, -0.182945, -0.707738, -0.366828, 0.572685

0.799267, 0.672276, -0.199301, -0.707738, -0.366828, 0.572685

0.722062, 0.611896, -0.262768, -0.583778, -0.496796, 0.566188

0.680950, 0.695516, -0.230591, -0.583778, -0.496796, 0.566188

0.677824, 0.761276, -0.233901, -0.583187, -0.578614, 0.612079

0.600638, 0.680993, -0.302229, -0.493587, -0.577512, 0.612178

0.557529, 0.750694, -0.275943, -0.493587, -0.577512, 0.612178

0.584288, 0.791767, -0.349455, -0.370254, -0.576749, 0.666914

0.555055, 0.760260, -0.431738, -0.370254, -0.576749, 0.666914

0.421898, 0.765396, -0.410418, -0.370254, -0.576749, 0.666914

0.437770, 0.753642, -0.469821, -0.231396, -0.600862, 0.712205

0.353186, 0.769289, -0.615029, -0.231396, -0.600862, 0.712205

0.299976, 0.826200, -0.625419, -0.231396, -0.600862, 0.712205

0.264188, 0.713603, -0.598211, -0.018698, -0.542196, 0.809669

0.194786, 0.674355, -0.721272, -0.018698, -0.542196, 0.809669

0.156679, 0.681441, -0.733347, 0.169898, -0.457753, 0.843768

0.113539, 0.675649, -0.761248, 0.169898, -0.457753, 0.843768

0.062605, 0.548331, -0.784613, 0.169898, -0.457753, 0.843768

0.007231, 0.544829, -0.884983, 0.316185, -0.317963, 0.886869

-0.059047, 0.563064, -0.933917, 0.316185, -0.317963, 0.886869

-0.050597, 0.422341, -0.865741, 0.316185, -0.317963, 0.886869

-0.108533, 0.369565, -0.842874, 0.414675, -0.184406, 0.832012

-0.204987, 0.299566, -0.986712, 0.414675, -0.184406, 0.832012

-0.234870, 0.265612, -0.949949, 0.560789, -0.043631, 0.803713

-0.256552, 0.216489, -0.857532, 0.560789, -0.043631, 0.803713

-0.293829, 0.139319, -0.977315, 0.560789, -0.043631, 0.803713

-0.377817, 0.063744, -0.971293, 0.649435, 0.090056, 0.730645

-0.358584, 0.017726, -0.928344, 0.649435, 0.090056, 0.730645

-0.410279, -0.107917, -0.868393, 0.649435, 0.090056, 0.730645

-0.470476, -0.208058, -0.961362, 0.690436, 0.223409, 0.639324

-0.396121, -0.156820, -0.850247, 0.690436, 0.223409, 0.639324

-0.401734, -0.270630, -0.780270, 0.690085, 0.225398, 0.495124

-0.486489, -0.452855, -0.755871, 0.746082, 0.462704, 0.492010

-0.456403, -0.409228, -0.717291, 0.746082, 0.462704, 0.492010

-0.461211, -0.453211, -0.674437, 0.777530, 0.547187, 0.383136

-0.540879, -0.607721, -0.606510, 0.777530, 0.547187, 0.383136

-0.508915, -0.588781, -0.625336, 0.777530, 0.547187, 0.383136

-0.498594, -0.615039, -0.535892, 0.751688, 0.597866, 0.238250

-0.519539, -0.607166, -0.501287, 0.751688, 0.597866, 0.238250

-0.512043, -0.784723, -0.437894, 0.751688, 0.597866, 0.238250

-0.501997, -0.746019, -0.405313, 0.727367, 0.631646, 0.101992

-0.471631, -0.751460, -0.299036, 0.727367, 0.631646, 0.101992

-0.456297, -0.769782, -0.203662, 0.692837, 0.716323, -0.079755

-0.441051, -0.825757, -0.159686, 0.692837, 0.716323, -0.079755

-0.411820, -0.896616, -0.137409, 0.692837, 0.716323, -0.079755

-0.449805, -0.881739, -0.102900, 0.651939, 0.709394, -0.222487

-0.401468, -0.876203, -0.010500, 0.651939, 0.709394, -0.222487

-0.399206, -0.990841, 0.011895, 0.651939, 0.709394, -0.222487

-0.391332, -0.834635, 0.054802, 0.602773, 0.686729, -0.348221

-0.455872, -0.956510, 0.177182, 0.602773, 0.686729, -0.348221

-0.274806, -0.812432, 0.185059, 0.578776, 0.687556, -0.429447

-0.259493, -0.859549, 0.256767, 0.578776, 0.687556, -0.429447

-0.417359, -0.916422, 0.355678, 0.578776, 0.687556, -0.429447

-0.425946, -1.078968, 0.408028, 0.553729, 0.614668, -0.546079

-0.386715, -1.016645, 0.502100, 0.553729, 0.614668, -0.546079

-0.354056, -0.580555, 0.276881, 0.553729, 0.614668, -0.546079

-0.225806, -0.798819, 0.509542, 0.496766, 0.436953, -0.804117

-0.218465, -0.670061, 0.697410, 0.496766, 0.436953, -0.804117

-0.210308, -0.622559, 0.774580, 0.496766, 0.436953, -0.804117

-0.195724, -0.628965, 0.619916, 0.431113, 0.404195, -0.821957

-0.219652, -0.722491, 0.603427, 0.431113, 0.404195, -0.821957

-0.220236, -0.753847, 0.728567, 0.390888, 0.329862, -0.847605

-0.184402, -0.670133, 0.700509, 0.390888, 0.329862, -0.847605

-0.178632, -0.762261, 0.565082, 0.390888, 0.329862, -0.847605

-0.152288, -0.839231, 0.624081, 0.333142, 0.394705, -0.830352

-0.128063, -0.845483, 0.684709, 0.333142, 0.394705, -0.830352

-0.136491, -0.886666, 0.518230, 0.333142, 0.394705, -0.830352

0.001543, -0.825050, 0.490647, 0.349205, 0.533029, -0.797195

-0.050615, -0.865607, 0.441060, 0.349205, 0.533029, -0.797195

0.086595, -0.952309, 0.388412, 0.348542, 0.688323, -0.690101

0.120373, -0.931136, 0.306096, 0.216942, 0.686704, -0.690246

0.157152, -0.917916, 0.217877, 0.216942, 0.686704, -0.690246

0.216397, -0.945053, 0.253934, 0.118427, 0.822360, -0.566215

0.243984, -1.021032, 0.053036, 0.118427, 0.822360, -0.566215

0.319913, -0.949358, 0.029149, 0.118427, 0.822360, -0.566215

0.411484, -0.804656, -0.084319, -0.021600, 0.907380, -0.360373

0.510472, -0.822502, -0.152322, -0.021600, 0.907380, -0.360373

0.512325, -0.788517, -0.184225, -0.021600, 0.907380, -0.360373

0.589201, -0.767460, -0.256467, -0.193400, 0.951703, -0.074240

0.643987, -0.709519, -0.325993, -0.193400, 0.951703, -0.074240

0.629315, -0.418431, -0.380051, -0.356264, 0.895677, 0.188056

0.762581, -0.480360, -0.397124, -0.356264, 0.895677, 0.188056

0.730216, -0.396406, -0.456179, -0.356264, 0.895677, 0.188056

0.717201, -0.254267, -0.371614, -0.519155, 0.793808, 0.323591

0.724422, -0.361893, -0.362132, -0.519155, 0.793808, 0.323591

0.854953, -0.061090, -0.419684, -0.519155, 0.793808, 0.323591

0.734988, -0.089000, -0.358475, -0.664775, 0.594764, 0.415661

0.997318, -0.069478, -0.376478, -0.664775, 0.594764, 0.415661

0.867870, 0.088104, -0.368788, -0.770100, 0.437186, 0.480631

0.935969, 0.135700, -0.343979, -0.770100, 0.437186, 0.480631

1.035658, 0.276274, -0.423670, -0.770100, 0.437186, 0.480631

0.926456, 0.357010, -0.386763, -0.875241, 0.237975, 0.519564

0.682191, 0.380142, -0.331210, -0.875241, 0.237975, 0.519564

0.850817, 0.646048, -0.397382, -0.875241, 0.237975, 0.519564

0.606739, 0.634150, -0.298009, -0.858090, -0.057235, 0.523548

0.584405, 0.900939, -0.245834, -0.858090, -0.057235, 0.523548

0.538344, 0.839385, -0.277440, -0.749923, -0.350061, 0.537413

0.457116, 0.856556, -0.301623, -0.749923, -0.350061, 0.537413

0.496541, 0.721837, -0.255189, -0.749923, -0.350061, 0.537413

0.290063, 0.812846, -0.254392, -0.634322, -0.480365, 0.547707

0.400177, 0.915098, -0.215813, -0.634322, -0.480365, 0.547707

0.061379, 0.996546, -0.258099, -0.634322, -0.480365, 0.547707

0.163469, 0.976581, -0.294337, -0.485144, -0.616888, 0.531532

-0.007688, 0.883313, -0.309372, -0.485144, -0.616888, 0.531532

0.105385, 0.956798, -0.303376, -0.485144, -0.616888, 0.531532

-0.182253, 1.088739, -0.289184, -0.320860, -0.689324, 0.550909

-0.207146, 1.036911, -0.269179, -0.320860, -0.689324, 0.550909

-0.232916, 0.923299, -0.241930, -0.173575, -0.728367, 0.569817

-0.213942, 0.900480, -0.274485, -0.173575, -0.728367, 0.569817

-0.264052, 0.909554, -0.279669, -0.173575, -0.728367, 0.569817

-0.444241, 0.936583, -0.230850, -0.050220, -0.760200, 0.552204

-0.288038, 0.933382, -0.248129, -0.050220, -0.760200, 0.552204

-0.439119, 0.883750, -0.222636, -0.050220, -0.760200, 0.552204

-0.407111, 0.891699, -0.232480, 0.031032, -0.782499, 0.516213

-0.482322, 0.874064, -0.274326, 0.031032, -0.782499, 0.516213

-0.371167, 0.866937, -0.285796, 0.121810, -0.732766, 0.543655

-0.556454, 0.917946, -0.253976, 0.121810, -0.732766, 0.543655

-0.713569, 0.829595, -0.259065, 0.121810, -0.732766, 0.543655

-0.450157, 0.819194, -0.266997, 0.179275, -0.732427, 0.570319

-0.370540, 0.477512, -0.296776, 0.179275, -0.732427, 0.570319

-0.774804, 0.518486, -0.143679, 0.179275, -0.732427, 0.570319

-1.001354, 0.622503, -0.148970, 0.309465, -0.747007, 0.525888

-0.721843, 0.694469, -0.083844, 0.309465, -0.747007, 0.525888

-1.125762, 0.660767, -0.199203, 0.309465, -0.747007, 0.525888

-0.931747, 0.413015, -0.100077, 0.595385, -0.579058, 0.479205

-0.810353, 0.288300, -0.102997, 0.595385, -0.579058, 0.479205

-1.132787, 0.276846, -0.083265, 0.743229, -0.526727, 0.369511

-0.895067, 0.132856, -0.048971, 0.743229, -0.526727, 0.369511

-1.059267, 0.153940, -0.015936, 0.743229, -0.526727, 0.369511

-1.211558, 0.128437, -0.048100, 0.888847, -0.295202, 0.358190

-0.995827, -0.130864, -0.064900, 0.888847, -0.295202, 0.358190

-0.948625, -0.246405, -0.087970, 0.888847, -0.295202, 0.358190

-1.009340, -0.338233, -0.010363, 0.919882, -0.105555, 0.337488

-0.766407, -0.463618, 0.105201, 0.919882, -0.105555, 0.337488

-0.861267, -0.673537, 0.083077, 0.959665, 0.247115, 0.278215

-0.825208, -0.740192, 0.044847, 0.959665, 0.247115, 0.278215

-0.487801, -0.643226, 0.057484, 0.959665, 0.247115, 0.278215

-0.494619, -0.700117, 0.090474, 0.809270, 0.550190, 0.194172

-0.460173, -0.846791, 0.139924, 0.809270, 0.550190, 0.194172

-0.317842, -0.799477, 0.203688, 0.809270, 0.550190, 0.194172

-0.243481, -0.834713, 0.266622, 0.635796, 0.737940, 0.128444

-0.279376, -0.911707, 0.621006, 0.635796, 0.737940, 0.128444

-0.319251, -0.877773, 0.361791, 0.635796, 0.737940, 0.128444

-0.030843, -0.964690, 0.294806, 0.513173, 0.835813, 0.027593

-0.088568, -1.013767, 0.392054, 0.513173, 0.835813, 0.027593

-0.145642, -0.959023, 0.429275, 0.340385, 0.900614, -0.054680

0.012258, -0.825667, 0.386531, 0.340385, 0.900614, -0.054680

0.183234, -0.834529, 0.280055, 0.340385, 0.900614, -0.054680

0.359891, -0.992371, 0.318167, 0.119112, 0.945657, 0.034018

0.596888, -0.972419, 0.199882, 0.119112, 0.945657, 0.034018

0.260364, -0.937046, 0.223301, 0.119112, 0.945657, 0.034018

0.160951, -0.899761, 0.157291, -0.036149, 0.934843, 0.070359

0.180036, -0.828308, 0.217519, -0.036149, 0.934843, 0.070359

0.405960, -0.758570, 0.108869, -0.036149, 0.934843, 0.070359

0.386521, -0.909386, 0.224609, -0.028961, 0.917628, 0.106992

0.422444, -0.895361, 0.186974, -0.028961, 0.917628, 0.106992

0.560440, -0.817792, 0.155345, -0.257096, 0.914453, 0.133340

0.613334, -0.699366, 0.158921, -0.257096, 0.914453, 0.133340

0.615426, -0.700480, 0.188693, -0.257096, 0.914453, 0.133340

0.649225, -0.598833, 0.160539, -0.462459, 0.830972, 0.116004

0.695472, -0.683622, 0.171041, -0.462459, 0.830972, 0.116004

0.856440, -0.554328, 0.147176, -0.462459, 0.830972, 0.116004

0.709993, -0.381846, 0.173579, -0.625464, 0.705391, 0.144077

0.896646, -0.539678, 0.204782, -0.625464, 0.705391, 0.144077

0.866210, -0.329409, 0.193721, -0.625464, 0.705391, 0.144077

0.868114, -0.308411, 0.171801, -0.788287, 0.531426, 0.128009

0.926141, -0.200097, 0.212148, -0.788287, 0.531426, 0.128009

1.005915, -0.033801, 0.187809, -0.934090, 0.317185, 0.104104

0.913573, 0.004388, 0.142652, -0.934090, 0.317185, 0.104104

0.880464, 0.089994, 0.172864, -0.934090, 0.317185, 0.104104

0.958347, 0.214404, 0.162612, -0.966269, 0.094954, 0.151838

0.800142, 0.174871, 0.155295, -0.966269, 0.094954, 0.151838

0.921219, 0.354697, 0.220316, -0.966269, 0.094954, 0.151838

0.910060, 0.383725, 0.188390, -0.964934, -0.126381, 0.164608

0.822225, 0.353666, 0.275516, -0.964934, -0.126381, 0.164608

0.719896, 0.430595, 0.262868, -0.964934, -0.126381, 0.164608

0.941611, 0.421772, 0.382743, -0.939310, -0.247534, 0.040290

0.778943, 0.514035, 0.295405, -0.939310, -0.247534, 0.040290

0.779767, 0.599740, 0.284075, -0.889187, -0.450829, 0.006689

0.784095, 0.500918, 0.337150, -0.889187, -0.450829, 0.006689

0.755529, 0.679555, 0.261772, -0.889187, -0.450829, 0.006689

0.607377, 0.680703, 0.290995, -0.707139, -0.639461, 0.143826

0.520149, 0.727688, 0.287475, -0.707139, -0.639461, 0.143826

0.506910, 0.835336, 0.274995, -0.707139, -0.639461, 0.143826

0.441352, 0.935435, 0.177055, -0.525505, -0.793276, 0.192312

0.397427, 0.863765, 0.185186, -0.525505, -0.793276, 0.192312

0.294889, 0.969790, 0.117835, -0.525505, -0.793276, 0.192312

0.038562, 0.961198, 0.139774, -0.263080, -0.881538, 0.228823

0.104579, 0.936348, 0.095494, -0.263080, -0.881538, 0.228823

0.115492, 0.919569, 0.049985, -0.075122, -0.928617, 0.257688

0.139697, 1.158155, -0.097912, -0.075122, -0.928617, 0.257688

-0.333370, 1.054739, 0.076478, -0.075122, -0.928617, 0.257688

-0.095239, 0.914503, -0.089622, -0.001038, -0.879689, 0.328512

0.134150, 1.098920, 0.026355, -0.001038, -0.879689, 0.328512

-0.126033, 0.976838, 0.033958, -0.001038, -0.879689, 0.328512

-0.052994, 1.198758, -0.206928, 0.088606, -0.878837, 0.346811

0.166154, 1.126754, 0.026333, 0.088606, -0.878837, 0.346811

-0.189994, 0.632571, 0.225878, 0.088190, -0.876481, 0.176011

-0.288394, 0.981914, 0.344829, 0.318031, -0.914257, 0.176810

-0.338431, 1.097554, 0.083194, 0.318031, -0.914257, 0.176810

-0.344408, 1.136283, 0.116709, 0.417446, -0.905001, 0.203407

-0.323961, 0.616585, 0.300866, 0.417446, -0.905001, 0.203407

-0.396257, 0.856475, 0.377794, 0.417446, -0.905001, 0.203407

-0.372408, 0.877551, 0.325202, 0.481439, -0.885671, 0.077252

-0.403605, 0.825125, 0.244006, 0.481439, -0.885671, 0.077252

-0.418623, 0.858936, 0.265609, 0.481439, -0.885671, 0.077252

-0.485541, 0.830980, 0.314113, 0.580469, -0.843114, 0.023617

-0.468165, 0.715204, 0.366327, 0.580469, -0.843114, 0.023617

-0.461119, 0.765833, 0.407766, 0.645389, -0.765614, -0.157907

-0.548751, 0.667925, 0.524985, 0.645389, -0.765614, -0.157907

-0.466094, 0.480241, 0.596634, 0.645389, -0.765614, -0.157907

-0.457218, 0.336971, 0.809651, 0.742071, -0.645997, -0.421140

-0.511511, 0.473500, 0.817714, 0.742071, -0.645997, -0.421140

-0.496128, 0.746634, 0.755917, 0.742071, -0.645997, -0.421140

-0.477476, 0.592052, 0.536525, 0.757089, -0.581408, -0.421988

-0.411957, 0.467156, 0.606812, 0.757089, -0.581408, -0.421988

-0.319064, 0.343767, 0.791266, 0.757089, -0.581408, -0.421988

-0.299854, 0.314358, 1.179340, 0.740769, -0.504674, -0.620402

-0.337048, 0.066133, 0.988976, 0.740769, -0.504674, -0.620402

-0.392121, 0.078140, 1.000623, 0.697317, -0.314318, -0.758786

-0.402300, -0.013065, 0.891918, 0.697317, -0.314318, -0.758786

-0.274309, 0.179796, 0.931108, 0.697317, -0.314318, -0.758786

-0.361148, 0.007620, 0.933626, 0.721942, -0.224157, -0.778161

-0.524187, -0.027163, 0.988763, 0.721942, -0.224157, -0.778161

-0.280340, 0.145049, 0.903482, 0.721942, -0.224157, -0.778161

-0.260183, 0.102113, 0.921620, 0.696686, -0.207918, -0.760215

-0.546981, -0.064213, 1.050366, 0.696686, -0.207918, -0.760215

-0.284226, 0.045511, 0.887093, 0.712890, -0.117744, -0.788000

-0.265097, 0.107962, 0.957285, 0.712890, -0.117744, -0.788000

-0.459314, -0.044868, 0.899805, 0.712890, -0.117744, -0.788000

-0.271822, -0.037506, 0.970871, 0.769698, -0.002740, -0.753078

-0.304856, -0.026539, 0.983595, 0.769698, -0.002740, -0.753078

-0.381888, -0.081182, 0.982595, 0.769698, -0.002740, -0.753078

-0.267561, -0.317125, 0.895878, 0.694853, 0.094714, -0.781076

-0.288605, -0.294214, 0.905610, 0.694853, 0.094714, -0.781076

-0.155763, -0.238311, 0.811575, 0.694853, 0.094714, -0.781076

-0.174894, -0.096021, 0.859414, 0.629712, 0.200939, -0.827376

-0.265391, -0.229886, 1.003582, 0.629712, 0.200939, -0.827376

-0.060162, -0.445796, 0.845672, 0.563443, 0.282614, -0.820157

-0.155376, -0.264658, 0.928758, 0.563443, 0.282614, -0.820157

-0.290420, -0.294458, 0.970083, 0.563443, 0.282614, -0.820157

-0.423087, -0.486751, 1.044950, 0.603689, 0.371709, -0.748516

-0.137521, -0.326084, 0.833895, 0.603689, 0.371709, -0.748516

-0.102157, -0.438858, 0.874254, 0.603689, 0.371709, -0.748516

-0.239465, -0.430544, 0.847930, 0.595186, 0.388425, -0.750151

-0.123353, -0.467430, 0.801905, 0.595186, 0.388425, -0.750151

-0.051512, -0.618585, 0.963604, 0.595207, 0.388309, -0.741751

-0.040068, -0.605927, 0.774117, 0.464425, 0.484708, -0.743210

0.100098, -0.671698, 0.716416, 0.464425, 0.484708, -0.743210

0.183145, -0.658814, 0.694827, 0.332278, 0.597136, -0.690297

0.172478, -0.728825, 0.774491, 0.332278, 0.597136, -0.690297

0.178236, -0.662911, 0.726573, 0.332278, 0.597136, -0.690297

0.187249, -0.796104, 0.648894, 0.225477, 0.677925, -0.655124

0.212882, -0.716106, 0.555347, 0.225477, 0.677925, -0.655124

0.230064, -0.643786, 0.650283, 0.225477, 0.677925, -0.655124

0.269002, -0.905082, 0.456288, 0.151087, 0.748441, -0.556783

0.310873, -0.735942, 0.487350, 0.151087, 0.748441, -0.556783

0.437005, -0.783784, 0.436455, 0.085162, 0.797046, -0.486133

0.358943, -0.832426, 0.429470, 0.085162, 0.797046, -0.486133

0.361671, -0.917541, 0.285071, 0.085162, 0.797046, -0.486133

0.423851, -0.848188, 0.353399, 0.003926, 0.866608, -0.324800

0.511434, -0.841652, 0.166198, 0.003926, 0.866608, -0.324800

0.522115, -0.829304, 0.058051, 0.003926, 0.866608, -0.324800

0.623595, -0.751070, -0.130444, -0.110477, 0.902184, -0.063672

0.477223, -0.605521, -0.093989, -0.110477, 0.902184, -0.063672

0.626785, -0.549246, -0.293115, -0.109273, 0.816891, 0.234219

0.689717, -0.736980, -0.459611, -0.240873, 0.815272, 0.234073

0.820430, -0.537790, -0.513687, -0.240873, 0.815272, 0.234073

0.613951, -0.375222, -0.471579, -0.320344, 0.629946, 0.506609

0.652594, -0.344927, -0.597570, -0.320344, 0.629946, 0.506609

0.656595, -0.387664, -0.624129, -0.320344, 0.629946, 0.506609

0.675250, -0.167560, -0.625143, -0.384681, 0.446316, 0.669961

0.676480, -0.026414, -0.808355, -0.384681, 0.446316, 0.669961

0.670373, 0.044289, -0.800788, -0.384681, 0.446316, 0.669961

0.504222, 0.204451, -0.669247, -0.334292, 0.265865, 0.806822

0.572163, 0.144916, -0.760964, -0.334292, 0.265865, 0.806822

0.598471, 0.134898, -1.018733, -0.300812, 0.068243, 0.854308

0.479749, 0.279605, -0.774853, -0.300812, 0.068243, 0.854308

0.690789, 0.285261, -0.529107, -0.300812, 0.068243, 0.854308

0.480112, 0.131041, -0.736427, -0.275618, 0.076702, 0.872423

0.595998, 0.065629, -0.876550, -0.275618, 0.076702, 0.872423

0.679494, -0.004566, -0.792580, -0.275618, 0.076702, 0.872423

0.818781, -0.027761, -0.783039, -0.250609, 0.109212, 0.872019

0.549435, -0.144665, -0.823109, -0.250609, 0.109212, 0.872019

0.594684, -0.200950, -0.451673, -0.285453, 0.290384, 0.798156

0.571771, -0.290520, -0.461235, -0.285453, 0.290384, 0.798156

0.653544, -0.635389, -0.440400, -0.285453, 0.290384, 0.798156

0.455045, -0.497639, -0.423933, -0.253378, 0.505084, 0.687536

0.618823, -0.692415, -0.358903, -0.253378, 0.505084, 0.687536

0.434634, -0.842297, -0.410409, -0.253378, 0.505084, 0.687536

0.560973, -0.798973, -0.337755, -0.181591, 0.630782, 0.569762

0.523241, -0.846048, -0.252350, -0.181591, 0.630782, 0.569762

0.325267, -0.898816, -0.166499, -0.148879, 0.730933, 0.442483

0.277498, -0.886213, -0.053647, -0.148879, 0.730933, 0.442483

0.277876, -0.970193, 0.027116, -0.148879, 0.730933, 0.442483

0.342847, -0.967155, -0.016312, -0.142326, 0.774139, 0.360727

0.196946, -0.990186, 0.083467, -0.142326, 0.774139, 0.360727

0.174944, -0.943478, 0.121845, -0.142326, 0.774139, 0.360727

0.117941, -0.910694, 0.171078, -0.149797, 0.799726, 0.224599

0.053876, -0.877829, 0.202430, -0.149797, 0.799726, 0.224599

0.055059, -0.912854, 0.244269, -0.150100, 0.825795, 0.161261

0.020305, -0.979777, 0.308952, -0.117900, 0.826191, 0.161296

-0.012945, -0.933741, 0.267935, -0.117900, 0.826191, 0.161296

-0.043703, -1.062277, 0.293256, -0.052286, 0.851052, 0.142850

0.175802, -0.944286, 0.072254, -0.052286, 0.851052, 0.142850

0.009856, -0.895706, 0.209304, -0.052286, 0.851052, 0.142850

0.004996, -0.953853, 0.569658, -0.060924, 0.852300, 0.044840

-0.038288, -0.932622, 0.507896, -0.060924, 0.852300, 0.044840

-0.028104, -0.901732, 0.239949, -0.060924, 0.852300, 0.044840

-0.080545, -0.771967, 0.192500, -0.060924, 0.852300, 0.044840

-0.118098, -0.877915, 0.304979, -0.060924, 0.852300, 0.044840

-0.156706, -0.937078, 0.426152, -0.093336, 0.869341, -0.001621

-0.149917, -0.873192, 0.387175, -0.093336, 0.869341, -0.001621

-0.005385, -1.234621, 0.281344, -0.093336, 0.869341, -0.001621

-0.267470, -1.055375, 0.155528, -0.061123, 0.885900, 0.044389

-0.206733, -0.755856, 0.205856, -0.061123, 0.885900, 0.044389

-0.092986, -0.875750, -0.012372, -0.061123, 0.885900, 0.044389

-0.062854, -1.006110, -0.059238, -0.085998, 0.844508, 0.079906

-0.163101, -0.729520, 0.070975, -0.085998, 0.844508, 0.079906

-0.144973, -1.043746, -0.077203, -0.085998, 0.844508, 0.079906

-0.181096, -0.818664, -0.312544, -0.142991, 0.825263, 0.206069

-0.051400, -0.990483, -0.243781, -0.142991, 0.825263, 0.206069

-0.090854, -0.776218, -0.253903, -0.142126, 0.740539, 0.361178

-0.044068, -0.873324, -0.408997, -0.191126, 0.739937, 0.361124

-0.057433, -0.855952, -0.517255, -0.191126, 0.739937, 0.361124

-0.009448, -0.809207, -0.521281, -0.288477, 0.664695, 0.451593

0.046173, -0.723221, -0.631613, -0.288477, 0.664695, 0.451593

0.039413, -0.549292, -0.788231, -0.288477, 0.664695, 0.451593

0.081417, -0.741102, -0.921054, -0.368733, 0.547409, 0.560845

0.115032, -0.424536, -0.887770, -0.368733, 0.547409, 0.560845

0.205439, -0.365411, -0.762748, -0.368733, 0.547409, 0.560845

0.156953, -0.369758, -0.905744, -0.457824, 0.274352, 0.690373

0.120621, -0.251062, -0.931257, -0.457824, 0.274352, 0.690373

0.124427, -0.135518, -0.932803, -0.514350, 0.133395, 0.710390

0.216334, 0.025639, -0.921361, -0.514350, 0.133395, 0.710390

0.119137, -0.078488, -0.996588, -0.514350, 0.133395, 0.710390

0.261071, 0.094574, -0.995937, -0.536739, -0.104898, 0.713560

0.237027, 0.212894, -0.929151, -0.536739, -0.104898, 0.713560

0.370848, 0.297648, -1.014397, -0.536739, -0.104898, 0.713560

0.361254, 0.216610, -0.916820, -0.592996, -0.333968, 0.626979

0.339488, 0.282887, -0.786284, -0.592996, -0.333968, 0.626979

0.423279, 0.373627, -0.850907, -0.592996, -0.333968, 0.626979

0.375635, 0.260839, -0.768190, -0.641536, -0.454884, 0.520761

0.358279, 0.426283, -0.784937, -0.641536, -0.454884, 0.520761

0.456321, 0.561424, -0.745570, -0.683458, -0.511314, 0.413685

0.493518, 0.624785, -0.661431, -0.683458, -0.511314, 0.413685

0.323364, 0.576237, -0.649899, -0.683458, -0.511314, 0.413685

0.388472, 0.685440, -0.584732, -0.683220, -0.608725, 0.270820

0.488648, 0.782638, -0.522356, -0.683220, -0.608725, 0.270820

0.387745, 0.761609, -0.446233, -0.683220, -0.608725, 0.270820

0.394733, 0.787469, -0.439391, -0.666202, -0.727461, 0.065274

0.455794, 0.886794, -0.394029, -0.666202, -0.727461, 0.065274

0.376833, 0.898646, -0.330884, -0.666307, -0.774221, -0.096468

0.320091, 0.846610, -0.241555, -0.592107, -0.773308, -0.096386

0.299859, 0.948282, -0.251055, -0.592107, -0.773308, -0.096386

0.192613, 1.066844, -0.208375, -0.526433, -0.812374, -0.249749

0.261673, 0.938576, -0.299750, -0.526433, -0.812374, -0.249749

0.149475, 0.951723, -0.299225, -0.526433, -0.812374, -0.249749

0.174347, 0.882327, -0.397000, -0.419778, -0.867983, -0.283861

0.150252, 0.876481, -0.419873, -0.419778, -0.867983, -0.283861

0.087951, 0.913631, -0.467894, -0.419778, -0.867983, -0.283861

0.073734, 0.861235, -0.564900, -0.378784, -0.908952, -0.220271

0.014604, 0.831572, -0.594726, -0.378784, -0.908952, -0.220271

-0.003327, 0.701279, -0.636805, -0.296970, -0.911429, 0.031819

-0.152977, 0.735878, -0.758532, -0.296970, -0.911429, 0.031819

-0.743016, -0.617856, -0.206428, 0.779439, 0.275249, 0.512765

-0.857663, -0.523618, -0.311459, 0.779459, 0.275133, 0.521165

-0.770802, -0.427005, -0.350309, 0.779459, 0.275133, 0.521165

-0.795736, -0.497664, -0.355012, 0.779459, 0.275133, 0.521165

-0.822902, -0.428877, -0.357431, 0.754862, 0.215936, 0.629708

-0.855235, -0.380744, -0.426229, 0.754862, 0.215936, 0.629708

-0.936022, -0.392973, -0.316350, 0.754862, 0.215936, 0.629708

-0.865258, -0.259464, -0.358415, 0.723727, 0.043089, 0.650184

-0.923486, -0.164765, -0.350161, 0.723727, 0.043089, 0.650184

-0.013300, 0.017500, 0.011300, -0.748500, -0.508300, 0.745300

-0.013300, 0.017500, 0.011300, -0.748500, -0.508300, 0.745300

-0.842410, -0.172792, -0.372647, 0.806697, -0.021579, 0.642759

-1.086907, 0.073274, -0.267599, 0.806697, -0.021579, 0.642759

-0.953077, 0.057635, -0.407902, 0.758679, -0.202280, 0.608730

-0.921353, 0.106705, -0.491355, 0.758679, -0.202280, 0.608730

-0.859169, 0.184004, -0.417114, 0.758679, -0.202280, 0.608730

-0.829448, 0.261901, -0.483853, 0.700390, -0.292487, 0.601469

-0.762550, 0.333613, -0.513724, 0.700390, -0.292487, 0.601469

-0.833900, 0.414554, -0.548105, 0.579661, -0.474586, 0.603759

-0.770726, 0.347755, -0.561438, 0.579661, -0.474586, 0.603759

-0.712807, 0.434346, -0.570583, 0.579661, -0.474586, 0.603759

-0.746148, 0.584858, -0.582354, 0.399871, -0.592341, 0.658302

-0.639661, 0.506728, -0.518102, 0.399871, -0.592341, 0.658302

-0.641882, 0.506025, -0.593496, 0.399871, -0.592341, 0.658302

-0.574082, 0.717007, -0.576434, 0.285308, -0.658685, 0.596059

-0.506734, 0.697687, -0.504676, 0.285308, -0.658685, 0.596059

-0.538854, 0.667025, -0.546303, 0.285243, -0.658318, 0.569459

-0.468953, 0.770539, -0.558465, 0.130275, -0.733029, 0.570265

-0.418792, 0.736551, -0.550182, 0.130275, -0.733029, 0.570265

-0.396606, 0.756190, -0.486713, 0.024106, -0.791121, 0.526118

-0.312610, 0.801940, -0.507468, 0.024106, -0.791121, 0.526118

-0.310760, 0.869720, -0.520690, 0.024106, -0.791121, 0.526118

-0.305328, 0.826419, -0.400429, -0.082204, -0.825412, 0.481652

-0.243539, 0.884359, -0.472906, -0.082204, -0.825412, 0.481652

-0.203354, 0.862262, -0.443887, -0.082204, -0.825412, 0.481652

-0.157324, 0.898016, -0.437945, -0.197170, -0.848886, 0.355845

-0.079173, 0.888896, -0.433652, -0.197170, -0.848886, 0.355845

-0.084203, 0.875020, -0.449474, -0.303910, -0.792795, 0.354957

-0.022073, 0.878844, -0.436374, -0.303910, -0.792795, 0.354957

0.023986, 0.907602, -0.424447, -0.303910, -0.792795, 0.354957

0.066012, 0.904599, -0.440153, -0.418922, -0.776770, 0.308404

0.106166, 0.899440, -0.412208, -0.418922, -0.776770, 0.308404

0.131139, 0.901471, -0.433952, -0.418922, -0.776770, 0.308404

0.163382, 0.863394, -0.390003, -0.525666, -0.745010, 0.244854

0.198257, 0.862575, -0.452368, -0.525666, -0.745010, 0.244854

0.239293, 0.891361, -0.445418, -0.608537, -0.721492, 0.191244

0.270755, 0.831133, -0.338869, -0.608537, -0.721492, 0.191244

0.254177, 0.551297, -0.347473, -0.608537, -0.721492, 0.191244

0.238286, 0.769124, -0.518227, -0.657786, -0.680095, 0.190626

0.338940, 0.995216, -0.560640, -0.657786, -0.680095, 0.190626

0.343082, 1.051683, -0.481545, -0.657786, -0.680095, 0.190626

0.335766, 0.958353, -0.296606, -0.691730, -0.647440, 0.127156

0.355071, 0.824781, -0.280009, -0.691730, -0.647440, 0.127156

0.273753, 0.767529, -0.378224, -0.691730, -0.647440, 0.127156

0.241315, 0.870462, -0.451260, -0.740912, -0.599660, 0.171244

0.320342, 0.927102, -0.452247, -0.740912, -0.599660, 0.171244

0.314800, 0.744621, -0.397804, -0.691794, -0.622722, 0.161818

0.317432, 0.820638, -0.481494, -0.691794, -0.622722, 0.161818

0.336252, 0.965985, -0.469245, -0.691794, -0.622722, 0.161818

0.289730, 0.828190, -0.359618, -0.732212, -0.632375, 0.216486

0.265455, 0.819599, -0.445964, -0.732212, -0.632375, 0.216486

0.258349, 0.849552, -0.461016, -0.732212, -0.632375, 0.216486

0.320652, 0.847186, -0.392335, -0.715532, -0.615252, 0.207879

0.289380, 0.887287, -0.445219, -0.715532, -0.615252, 0.207879

0.235392, 0.795819, -0.464802, -0.691721, -0.631257, 0.171731

0.215255, 0.884447, -0.449438, -0.691721, -0.631257, 0.171731

0.299434, 0.839513, -0.459828, -0.691721, -0.631257, 0.171731

0.318399, 0.886277, -0.455029, -0.691764, -0.591777, 0.252385

0.273300, 0.803902, -0.512321, -0.691764, -0.591777, 0.252385

0.319586, 0.897958, -0.384653, -0.691764, -0.591777, 0.252385

0.200269, 0.757209, -0.510369, -0.691620, -0.608828, 0.270811

0.355218, 0.891494, -0.534281, -0.691620, -0.608828, 0.270811

0.208905, 0.892856, -0.561595, -0.691620, -0.608828, 0.270811

0.330566, 0.779718, -0.466366, -0.683092, -0.648688, 0.225165

0.221345, 0.820724, -0.459023, -0.683092, -0.648688, 0.225165

0.285439, 0.779871, -0.485376, -0.706923, -0.632567, 0.252914

0.223194, 0.839806, -0.500773, -0.706923, -0.632567, 0.252914

0.235116, 0.862770, -0.520683, -0.706923, -0.632567, 0.252914

0.273219, 0.883517, -0.493865, -0.666203, -0.648983, 0.261584

0.222538, 0.815819, -0.739723, -0.666203, -0.648983, 0.261584

0.254271, 0.833750, -0.494680, -0.666203, -0.648983, 0.261584

0.285319, 0.853575, -0.483755, -0.698423, -0.649264, 0.253148

0.253151, 0.815024, -0.546175, -0.698423, -0.649264, 0.253148

0.210903, 0.963423, -0.522256, -0.715288, -0.624753, 0.287791

0.264245, 0.841739, -0.504603, -0.715288, -0.624753, 0.287791

0.284338, 0.837647, -0.485664, -0.715288, -0.624753, 0.287791

0.265329, 0.833677, -0.480753, -0.691262, -0.673093, 0.261876

0.257306, 0.875448, -0.460155, -0.691262, -0.673093, 0.261876

0.228376, 0.849507, -0.435332, -0.691262, -0.673093, 0.261876

0.139074, 0.731606, -0.559069, -0.666124, -0.665667, 0.253410

0.312336, 0.916174, -0.456190, -0.666124, -0.665667, 0.253410

0.300156, 0.903486, -0.518666, -0.682974, -0.657474, 0.253278

0.193397, 0.747101, -0.468681, -0.682974, -0.657474, 0.253278

0.242248, 0.871544, -0.474078, -0.682974, -0.657474, 0.253278

0.190982, 0.839080, -0.556435, -0.674480, -0.666022, 0.271600

0.371621, 0.758787, -0.481988, -0.674480, -0.666022, 0.271600

0.408973, 0.799085, -0.358055, -0.674480, -0.666022, 0.271600

0.316617, 0.890960, -0.376693, -0.691349, -0.633362, 0.324331

0.064111, 0.948199, -0.379864, -0.691349, -0.633362, 0.324331

0.106422, 0.923951, -0.310155, -0.691349, -0.633362, 0.324331

0.170260, 1.348567, -0.154289, -0.617168, -0.664814, 0.235264

0.013808, 1.063871, -0.389540, -0.617168, -0.664814, 0.235264

-0.166820, 1.023891, -0.529859, -0.583160, -0.737065, 0.226478

-0.050237, 1.138451, -0.326650, -0.583160, -0.737065, 0.226478

0.050532, 0.896956, -0.257648, -0.583160, -0.737065, 0.226478

0.071436, 0.977591, -0.254993, -0.501761, -0.776434, 0.210313

-0.058081, 0.939469, -0.384227, -0.501761, -0.776434, 0.210313

-0.046587, 0.879193, -0.255925, -0.501761, -0.776434, 0.210313

-0.130125, 0.928573, -0.366576, -0.427389, -0.761608, 0.317988

-0.155423, 0.950821, -0.442166, -0.427389, -0.761608, 0.317988

-0.175278, 0.933730, -0.391563, -0.394934, -0.793779, 0.345056

-0.160214, 0.879982, -0.409100, -0.394934, -0.793779, 0.345056

-0.112887, 0.828880, -0.352137, -0.394934, -0.793779, 0.345056

-0.158226, 0.875028, -0.417004, -0.329121, -0.770039, 0.407809

-0.212381, 0.947768, -0.398708, -0.329121, -0.770039, 0.407809

-0.168277, 0.970504, -0.373863, -0.329121, -0.770039, 0.407809

-0.138450, 0.838554, -0.525871, -0.328916, -0.794206, 0.434729

-0.229663, 0.932230, -0.494915, -0.328916, -0.794206, 0.434729

-0.213715, 0.959138, -0.505902, -0.328916, -0.794206, 0.434729

-0.203008, 0.754471, -0.387805, -0.320612, -0.770553, 0.452618

-0.173288, 0.838332, -0.451597, -0.320612, -0.770553, 0.452618

-0.201625, 0.880508, -0.527296, -0.312273, -0.745752, 0.488689

-0.218360, 0.809591, -0.468481, -0.312273, -0.745752, 0.488689

-0.304488, 0.887255, -0.420565, -0.312273, -0.745752, 0.488689

-0.255564, 0.930106, -0.448375, -0.230815, -0.770571, 0.533917

-0.282720, 0.856755, -0.529454, -0.230815, -0.770571, 0.533917

-0.302549, 0.865471, -0.455170, -0.230815, -0.770571, 0.533917

-0.294786, 0.928397, -0.504058, -0.222344, -0.778983, 0.542439

-0.312360, 0.761856, -0.444776, -0.222344, -0.778983, 0.542439

-0.282326, 0.771760, -0.443725, -0.173535, -0.752949, 0.525355

-0.348551, 0.869435, -0.428571, -0.173535, -0.752949, 0.525355

-0.357938, 0.855031, -0.564434, -0.173535, -0.752949, 0.525355

-0.380466, 0.579103, -0.550263, -0.132741, -0.777901, 0.543938

-0.362698, 0.779180, -0.523407, -0.132741, -0.777901, 0.543938

-0.404954, 0.723847, -0.620500, -0.132741, -0.777901, 0.543938

-0.348384, 0.683362, -0.479239, -0.082170, -0.785014, 0.597288

-0.369795, 0.787257, -0.548272, -0.082170, -0.785014, 0.597288

-0.372909, 0.785418, -0.586961, -0.082469, -0.712967, 0.650910

-0.350815, 0.774368, -0.572940, -0.075469, -0.712881, 0.650918

-0.362859, 0.775416, -0.580924, -0.075469, -0.712881, 0.650918

-0.334935, 0.800371, -0.607729, -0.090887, -0.721084, 0.623014

-0.345652, 0.717505, -0.552802, -0.090887, -0.721084, 0.623014

-0.351761, 0.757402, -0.563932, -0.090887, -0.721084, 0.623014

-0.339947, 0.712924, -0.659892, -0.139837, -0.736856, 0.606367

-0.360029, 0.745824, -0.658142, -0.139837, -0.736856, 0.606367

-0.335616, 0.599191, -0.614679, -0.139837, -0.736856, 0.606367

-0.285955, 0.519146, -0.804566, -0.181974, -0.689241, 0.668662

-0.226867, 0.554828, -0.785682, -0.181974, -0.689241, 0.668662

-0.236228, 0.749102, -0.791630, -0.157020, -0.609064, 0.764200

-0.182559, 0.576302, -0.691392, -0.157020, -0.609064, 0.764200

-0.161638, 0.634057, -0.696560, -0.157020, -0.609064, 0.764200

-0.111847, 0.538934, -0.850662, -0.280817, -0.488132, 0.817009

0.014620, 0.338590, -0.875015, -0.280817, -0.488132, 0.817009

0.082940, 0.207993, -0.878097, -0.280817, -0.488132, 0.817009

0.064513, 0.300979, -0.960953, -0.404492, -0.399015, 0.842251

0.104756, 0.353346, -0.868813, -0.404492, -0.399015, 0.842251

0.191622, 0.330690, -0.975523, -0.552774, -0.187907, 0.830831

0.208007, 0.287453, -0.877047, -0.552774, -0.187907, 0.830831

0.408843, 0.276478, -0.705654, -0.552774, -0.187907, 0.830831

0.447253, 0.423363, -0.844122, -0.676794, -0.090071, 0.731380

0.478123, 0.512990, -0.853379, -0.676794, -0.090071, 0.731380

0.531798, 0.426649, -0.700991, -0.676794, -0.090071, 0.731380

0.586905, 0.464291, -0.672211, -0.758068, -0.106885, 0.660115

0.665613, 0.329214, -0.550245, -0.758068, -0.106885, 0.660115

0.729744, 0.429442, -0.482061, -0.758068, -0.106885, 0.660115

0.678919, 0.586547, -0.646691, -0.865210, -0.040405, 0.514914

0.825261, 0.430781, -0.355745, -0.865210, -0.040405, 0.514914

0.780651, 0.404416, -0.212932, -0.956825, 0.001199, 0.360269

0.918547, 0.462238, -0.290095, -0.956825, 0.001199, 0.360269

1.018136, 0.426710, -0.162591, -0.956825, 0.001199, 0.360269

0.846817, 0.375395, -0.208584, -0.957417, 0.037020, 0.198818

0.937822, 0.369453, -0.259811, -0.957417, 0.037020, 0.198818

0.972436, 0.387542, -0.057414, -0.957417, 0.037020, 0.198818

0.923993, 0.324184, 0.123263, -0.998791, 0.088262, -0.000685

0.944497, 0.253958, 0.244702, -0.998791, 0.088262, -0.000685

0.944575, 0.179315, 0.228205, -0.975796, 0.195940, -0.073488

0.936776, 0.132338, 0.274039, -0.975796, 0.195940, -0.073488

0.876431, 0.140722, 0.193431, -0.975796, 0.195940, -0.073488

0.903899, 0.183849, 0.363937, -0.959434, 0.237867, -0.155214

0.968167, 0.181528, 0.419729, -0.959434, 0.237867, -0.155214

0.849285, 0.126676, 0.492978, -0.959434, 0.237867, -0.155214

0.846233, 0.049221, 0.431846, -0.902696, 0.314028, -0.247147

0.805636, -0.064622, 0.526497, -0.902696, 0.314028, -0.247147

0.772852, -0.032116, 0.637320, -0.902696, 0.314028, -0.247147

0.719677, 0.056552, 0.657525, -0.837660, 0.397640, -0.364365

0.636524, 0.049771, 0.646349, -0.837660, 0.397640, -0.364365

0.607778, -0.026105, 0.705145, -0.789067, 0.416781, -0.490537

0.589106, -0.234260, 0.707093, -0.789067, 0.416781, -0.490537

0.497941, -0.075050, 0.792285, -0.789067, 0.416781, -0.490537

0.490016, -0.143729, 0.782674, -0.674914, 0.477331, -0.617181

0.509214, -0.158891, 0.831424, -0.674914, 0.477331, -0.617181

0.201426, -0.050611, 0.791102, -0.674914, 0.477331, -0.617181

0.402546, 0.055636, 0.784357, -0.577226, 0.512774, -0.663724

0.066112, -0.323871, 0.941747, -0.577226, 0.512774, -0.663724

0.117214, -0.319021, 0.951826, -0.577226, 0.512774, -0.663724

0.069913, -0.152663, 0.970678, -0.413730, 0.523276, -0.771437

0.007313, -0.308250, 1.051568, -0.413730, 0.523276, -0.771437

0.000150, -0.138086, 1.098321, -0.250290, 0.582807, -0.780427

-0.145813, -0.170659, 0.828141, -0.250290, 0.582807, -0.780427

-0.222284, -0.272750, 0.992044, -0.250290, 0.582807, -0.780427

-0.279478, -0.239715, 0.975805, -0.086605, 0.593589, -0.806959

-0.366033, -0.164473, 0.875928, -0.086605, 0.593589, -0.806959

-0.676294, -0.239080, 1.255107, -0.086605, 0.593589, -0.806959

-0.513220, -0.367021, 0.774222, 0.093960, 0.612244, -0.780385

-0.553342, -0.363892, 0.756208, 0.093960, 0.612244, -0.780385

-0.530390, -0.371773, 0.722602, 0.093960, 0.612244, -0.780385

-0.650429, -0.456237, 0.725562, 0.282862, 0.670598, -0.681548

-0.611495, -0.423341, 0.700741, 0.282862, 0.670598, -0.681548

-0.593889, -0.509286, 0.505808, 0.355596, 0.750338, -0.511758

-0.645955, -0.511203, 0.510591, 0.355596, 0.750338, -0.511758

-0.683887, -0.606715, 0.499020, 0.355596, 0.750338, -0.511758

-0.672216, -0.558574, 0.407564, 0.364048, 0.798852, -0.368225

-0.682410, -0.595096, 0.325374, 0.364048, 0.798852, -0.368225

-0.690760, -0.546935, 0.237813, 0.364048, 0.798852, -0.368225

-0.724880, -0.555732, 0.209959, 0.340089, 0.886054, -0.216855

-0.697986, -0.758335, 0.041424, 0.340089, 0.886054, -0.216855

-0.662820, -0.790346, 0.060555, 0.340089, 0.886054, -0.216855

-0.622933, -0.758383, 0.018878, 0.323718, 0.899655, -0.000099

-0.597207, -0.717266, -0.065549, 0.323718, 0.899655, -0.000099

-0.626455, -0.727883, -0.140992, 0.209242, 0.911287, 0.170368

-0.621380, -0.799539, -0.159469, 0.209242, 0.911287, 0.170368

-0.565339, -0.796594, -0.174162, 0.209242, 0.911287, 0.170368

-0.493725, -0.718545, -0.300269, 0.152216, 0.893578, 0.286711

-0.558764, -0.758269, -0.301299, 0.152216, 0.893578, 0.286711

-0.486029, -0.736034, -0.419192, 0.152216, 0.893578, 0.286711

-0.379147, -0.753738, -0.527839, 0.071382, 0.874272, 0.396047

-0.388542, -0.631970, -0.587989, 0.071382, 0.874272, 0.396047

-0.361696, -0.667539, -0.676003, -0.050915, 0.781052, 0.549714

-0.280837, -0.566950, -0.709935, -0.050915, 0.781052, 0.549714

-0.209912, -0.569811, -0.776128, -0.050915, 0.781052, 0.549714

-0.251072, -0.524890, -0.782448, -0.221787, 0.604996, 0.677837

-0.195320, -0.340682, -0.791089, -0.221787, 0.604996, 0.677837

-0.338911, -0.431386, -0.968721, -0.221787, 0.604996, 0.677837

-0.192766, -0.254624, -0.895660, -0.253277, 0.512634, 0.749023

-0.171053, -0.115100, -0.925035, -0.253277, 0.512634, 0.749023

-0.252148, -0.113011, -0.912440, -0.252234, 0.372779, 0.841884

-0.370592, -0.107495, -0.997209, -0.277434, 0.372469, 0.841856

-0.391880, 0.044939, -0.996051, -0.277434, 0.372469, 0.841856

-0.405940, 0.143407, -0.951946, -0.144284, 0.151536, 0.942972

-0.388774, 0.169035, -0.889516, -0.144284, 0.151536, 0.942972

-0.471170, 0.207297, -0.958446, -0.144284, 0.151536, 0.942972

-0.505194, 0.420007, -0.824705, -0.036868, -0.011206, 0.963489

-0.557832, 0.241614, -0.775410, -0.036868, -0.011206, 0.963489

-0.591033, 0.328334, -0.775956, -0.036868, -0.011206, 0.963489

-0.596048, 0.385003, -0.745501, 0.079026, -0.190529, 0.975841

-0.630856, 0.347967, -0.681958, 0.079026, -0.190529, 0.975841

-0.678899, 0.382795, -0.650558, 0.194063, -0.254048, 0.913851

-0.718888, 0.291332, -0.678027, 0.194063, -0.254048, 0.913851

-0.721690, 0.340767, -0.580075, 0.194063, -0.254048, 0.913851

-0.761455, 0.238077, -0.537058, 0.266895, -0.269566, 0.886157

-0.858369, 0.175323, -0.491467, 0.266895, -0.269566, 0.886157

-0.938501, 0.141679, -0.512420, 0.266895, -0.269566, 0.886157

-0.865086, 0.147121, -0.407035, 0.472025, -0.175300, 0.831962

-0.897825, -0.013245, -0.392477, 0.472025, -0.175300, 0.831962

-0.921884, -0.085727, -0.441805, 0.601072, -0.000745, 0.775194

-0.922767, -0.095819, -0.407040, 0.601072, -0.000745, 0.775194

-0.906422, -0.196648, -0.355895, 0.601072, -0.000745, 0.775194

-0.882301, -0.308113, -0.391964, 0.616865, 0.155344, 0.738125

-0.911342, -0.334903, -0.405824, 0.616865, 0.155344, 0.738125

-0.893281, -0.328019, -0.390914, 0.616865, 0.155344, 0.738125

-0.734085, -0.426623, -0.467232, 0.575423, 0.293560, 0.727819

-0.736457, -0.383400, -0.568634, 0.575423, 0.293560, 0.727819

-0.829455, -0.436105, -0.547877, 0.575528, 0.292962, 0.771219

-0.675074, -0.536939, -0.559724, 0.475738, 0.357539, 0.770226

-0.600322, -0.533611, -0.683469, 0.475738, 0.357539, 0.770226

-0.632570, -0.429932, -0.691037, 0.354782, 0.256554, 0.879208

-0.536285, -0.465064, -0.665720, 0.354782, 0.256554, 0.879208

-0.456518, -0.441875, -0.775657, 0.354782, 0.256554, 0.879208

-0.394562, -0.409002, -0.805356, 0.264216, 0.189383, 0.898191

-0.391438, -0.421090, -0.771558, 0.264216, 0.189383, 0.898191

-0.366678, -0.268705, -0.779162, 0.264216, 0.189383, 0.898191

-0.221893, -0.364786, -0.987476, 0.060601, 0.079600, 0.962394

-0.216925, -0.246471, -0.932489, 0.060601, 0.079600, 0.962394

-0.205858, -0.231649, -0.906731, -0.053474, -0.036864, 0.982009

-0.149934, -0.153016, -0.917829, -0.053474, -0.036864, 0.982009

-0.129172, -0.089090, -0.973619, -0.053474, -0.036864, 0.982009

-0.109931, -0.138101, -0.929662, -0.118289, -0.217790, 0.949362

-0.050150, -0.112949, -1.022817, -0.118289, -0.217790, 0.949362

-0.053130, -0.003650, -0.950951, -0.118289, -0.217790, 0.949362

-0.066966, -0.092323, -0.938661, -0.150220, -0.281949, 0.903991

-0.014318, 0.014499, -1.026291, -0.150220, -0.281949, 0.903991

0.066704, 0.122825, -0.999749, -0.149824, -0.355898, 0.886787

0.074608, 0.227310, -0.976427, -0.198824, -0.356501, 0.886733

0.089552, 0.182664, -1.029720, -0.198824, -0.356501, 0.886733

0.203689, 0.286874, -0.984192, -0.264032, -0.495959, 0.790541

0.144677, 0.342530, -0.924167, -0.264032, -0.495959, 0.790541

0.224783, 0.377200, -0.911155, -0.264032, -0.495959, 0.790541

0.193996, 0.345107, -0.839685, -0.320958, -0.633295, 0.649538

0.260955, 0.543956, -0.774952, -0.320958, -0.633295, 0.649538

0.297766, 0.653540, -0.796190, -0.320958, -0.633295, 0.649538

0.346108, 0.610370, -0.730334, -0.345616, -0.811212, 0.434936

0.279165, 0.710656, -0.615999, -0.345616, -0.811212, 0.434936

0.366014, 0.792378, -0.667671, -0.360934, -0.914693, 0.210948

0.280374, 0.792875, -0.497362, -0.360934, -0.914693, 0.210948

0.286356, 0.803833, -0.500370, -0.360934, -0.914693, 0.210948

0.270491, 0.833467, -0.428159, -0.320430, -0.969122, 0.032563

0.275469, 0.827535, -0.441999, -0.320430, -0.969122, 0.032563

0.252401, 0.922035, -0.397908, -0.320430, -0.969122, 0.032563

0.229541, 0.928802, -0.333545, -0.271632, -0.991730, -0.111244

0.267405, 0.938930, -0.394961, -0.271632, -0.991730, -0.111244

0.170492, 0.952700, -0.304115, -0.271765, -0.990977, -0.165844

0.065330, 0.937974, -0.311363, -0.222765, -0.990374, -0.165790

0.058319, 0.935998, -0.312371, -0.222765, -0.990374, -0.165790

0.035116, 0.976013, -0.346377, -0.157094, -0.988831, -0.218918

-0.021588, 0.984552, -0.208739, -0.157094, -0.988831, -0.218918

-0.107271, 1.057976, -0.354234, -0.157094, -0.988831, -0.218918

-0.182310, 0.928800, -0.401483, -0.067427, -1.002993, -0.228412

-0.182990, 0.908503, -0.303181, -0.067427, -1.002993, -0.228412

-0.235975, 0.916420, -0.264723, -0.067427, -1.002993, -0.228412

-0.295106, 0.850977, -0.315204, 0.072547, -0.986238, -0.201864

-0.312428, 0.842449, -0.421365, 0.072547, -0.986238, -0.201864

-0.407285, 0.836271, -0.324462, 0.202971, -1.000789, -0.146914

-0.640670, 0.776080, -0.364681, 0.202971, -1.000789, -0.146914

-0.601865, 0.828028, -0.422332, 0.202971, -1.000789, -0.146914

-0.612748, 0.783147, -0.402311, 0.268793, -0.960867, -0.039586

-0.555398, 0.809540, -0.298078, 0.268793, -0.960867, -0.039586

-0.657686, 0.776096, -0.360775, 0.268793, -0.960867, -0.039586

-0.722534, 0.595987, -0.377978, 0.317794, -0.921035, 0.059323

-0.741526, 0.594976, -0.365145, 0.317794, -0.921035, 0.059323

-0.729304, 0.589719, -0.298614, 0.317794, -0.921035, 0.059323

-0.832592, 0.468814, -0.411475, 0.408816, -0.887571, 0.149972

-0.838537, 0.392212, -0.433935, 0.408816, -0.887571, 0.149972

-0.837406, 0.513294, -0.319457, 0.514918, -0.789864, 0.264973

-0.862305, 0.310404, -0.388979, 0.514918, -0.789864, 0.264973

-0.938103, 0.251478, -0.312580, 0.514918, -0.789864, 0.264973

-0.914961, 0.155887, -0.331867, 0.612629, -0.700430, 0.363278

-0.922005, 0.147992, -0.347725, 0.612629, -0.700430, 0.363278

-1.011268, 0.137378, -0.395607, 0.612629, -0.700430, 0.363278

-1.016167, 0.110408, -0.373669, 0.694696, -0.577334, 0.442915

-0.969928, 0.037557, -0.359258, 0.694696, -0.577334, 0.442915

-0.956754, 0.020436, -0.316472, 0.751558, -0.446398, 0.540611

-0.915536, -0.031518, -0.294245, 0.751558, -0.446398, 0.540611

-0.907221, -0.196912, -0.286459, 0.751558, -0.446398, 0.540611

-0.927374, -0.186778, -0.322292, 0.774472, -0.282788, 0.573438

-0.891103, -0.308375, -0.319581, 0.774472, -0.282788, 0.573438

-0.883753, -0.330697, -0.216280, 0.774472, -0.282788, 0.573438

-0.894744, -0.452958, -0.278213, 0.814108, -0.087409, 0.652050

-0.850376, -0.509085, -0.208340, 0.814108, -0.087409, 0.652050

-0.801114, -0.513389, -0.147632, 0.814108, -0.087409, 0.652050

-0.814783, -0.653962, -0.108303, 0.739591, 0.190662, 0.621629

-0.785817, -0.647946, -0.132036, 0.739591, 0.190662, 0.621629

-0.704484, -0.665254, -0.072141, 0.712921, 0.420570, 0.573718

-0.650968, -0.777228, 0.010934, 0.712921, 0.420570, 0.573718

-0.701976, -0.706668, 0.076867, 0.712921, 0.420570, 0.573718

-0.655744, -0.688075, 0.142411, 0.581313, 0.609591, 0.453436

-0.644660, -0.726943, 0.142642, 0.581313, 0.609591, 0.453436

-0.599476, -0.797736, 0.140176, 0.581313, 0.609591, 0.453436

-0.598258, -0.768204, 0.231296, 0.514555, 0.717035, 0.317535

-0.580233, -0.771213, 0.228400, 0.514555, 0.717035, 0.317535

-0.536887, -0.830293, 0.289356, 0.514555, 0.717035, 0.317535

-0.478758, -0.756898, 0.344754, 0.480443, 0.766877, 0.225840

-0.532138, -0.775299, 0.232560, 0.480443, 0.766877, 0.225840

-0.544277, -0.833759, 0.157414, 0.414079, 0.832852, 0.153484

-0.530863, -0.840261, 0.288435, 0.414079, 0.832852, 0.153484

-0.492897, -0.853126, 0.248955, 0.414079, 0.832852, 0.153484

-0.453741, -0.841391, 0.287725, 0.283545, 0.880501, 0.134482

-0.447839, -0.836293, 0.253994, 0.283545, 0.880501, 0.134482

-0.493862, -0.904853, 0.231350, 0.283545, 0.880501, 0.134482

-0.432190, -0.808993, 0.140831, 0.209162, 0.888742, 0.079687

-0.408255, -0.894374, 0.056027, 0.209162, 0.888742, 0.079687

-0.357688, -0.875902, -0.109542, 0.209469, 0.887004, 0.205687

-0.358754, -0.821153, -0.099895, 0.152359, 0.837297, 0.206282

-0.348025, -0.935089, -0.264956, 0.152359, 0.837297, 0.206282

-0.263959, -0.924219, -0.281571, 0.014337, 0.824199, 0.423242

-0.317727, -0.776134, -0.430295, 0.014337, 0.824199, 0.423242

-0.253020, -0.664418, -0.501042, 0.014337, 0.824199, 0.423242

-0.252954, -0.787428, -0.893258, -0.075175, 0.679353, 0.695221

-0.255155, -0.496954, -0.792520, -0.075175, 0.679353, 0.695221

-0.158061, -0.559663, -0.849398, -0.075175, 0.679353, 0.695221

-0.127468, -0.395130, -0.910607, -0.178896, 0.315154, 0.923935

-0.136670, -0.290512, -0.914130, -0.178896, 0.315154, 0.923935

-0.062644, -0.297481, -0.949541, -0.258720, 0.092589, 0.953416

0.016172, -0.200812, -0.999332, -0.258720, 0.092589, 0.953416

0.100324, -0.236766, -1.013733, -0.258720, 0.092589, 0.953416

0.104289, -0.161183, -0.984331, -0.381304, -0.023360, 0.928222

0.055306, -0.067796, -0.897672, -0.381304, -0.023360, 0.928222

0.240258, -0.022955, -0.988491, -0.381304, -0.023360, 0.928222

0.218271, 0.103243, -0.898920, -0.495539, -0.163266, 0.820775

0.278347, 0.031603, -0.946959, -0.495539, -0.163266, 0.820775

0.311556, 0.047241, -0.884423, -0.495843, -0.161548, 0.696175

0.208767, 0.407032, -0.890527, -0.584671, -0.292850, 0.697825

0.396189, 0.450266, -0.822614, -0.584671, -0.292850, 0.697825

0.327846, 0.384105, -0.941570, -0.683183, -0.489870, 0.584166

0.310653, 0.414846, -0.637248, -0.683183, -0.489870, 0.584166

0.297936, 0.723883, -0.697338, -0.683183, -0.489870, 0.584166

0.310813, 0.665409, -0.780330, -0.648915, -0.698897, 0.343461

0.304399, 0.681534, -0.566166, -0.648915, -0.698897, 0.343461

0.346724, 0.723858, -0.453138, -0.648915, -0.698897, 0.343461

0.355717, 0.821270, -0.403986, -0.625073, -0.777313, 0.163977

0.310575, 0.972511, -0.340413, -0.625073, -0.777313, 0.163977

0.330679, 0.957473, -0.324395, -0.542658, -0.830723, -0.050761

0.344036, 0.916259, -0.232883, -0.542658, -0.830723, -0.050761

0.318863, 0.981081, -0.241228, -0.542658, -0.830723, -0.050761

0.332314, 1.008322, -0.077638, -0.444934, -0.868544, -0.265689

0.361898, 0.779969, -0.025820, -0.444934, -0.868544, -0.265689

0.276674, 1.079393, 0.117231, -0.444934, -0.868544, -0.265689

0.456356, 1.001029, 0.208530, -0.379973, -0.815625, -0.491674

0.381464, 0.783208, 0.159733, -0.379973, -0.815625, -0.491674

0.342602, 0.826746, 0.253617, -0.379973, -0.815625, -0.491674

0.369865, 0.864177, 0.350744, -0.348664, -0.722240, -0.637060

0.370716, 0.903133, 0.321788, -0.348664, -0.722240, -0.637060

0.425816, 0.901031, 0.324972, -0.209290, -0.661496, -0.755277

0.313201, 0.852787, 0.490465, -0.209290, -0.661496, -0.755277

0.454801, 0.724827, 0.545168, -0.209290, -0.661496, -0.755277

0.346551, 0.751958, 0.533734, -0.095054, -0.593299, -0.827434

0.362614, 0.838346, 0.596854, -0.095054, -0.593299, -0.827434

0.425151, 0.630936, 0.626864, -0.095054, -0.593299, -0.827434

-0.132664, 0.512574, 0.581799, 0.060046, -0.558569, -0.872495

0.279475, 0.650345, 0.828609, 0.060046, -0.558569, -0.872495

0.013561, 0.822410, 0.759356, 0.060046, -0.558569, -0.872495

-0.155750, 0.680644, 0.662232, 0.206896, -0.531561, -0.872671

0.084676, 0.684132, 0.679940, 0.206896, -0.531561, -0.872671

0.101744, 0.619446, 0.656512, 0.354902, -0.457147, -0.858085

0.058883, 0.625215, 0.730728, 0.354902, -0.457147, -0.858085

-0.000164, 0.636191, 0.753278, 0.354902, -0.457147, -0.858085

0.008241, 0.532301, 0.827224, 0.369698, -0.365591, -0.885890

-0.000028, 0.609179, 0.784162, 0.369698, -0.365591, -0.885890

0.028987, 0.539597, 0.733025, 0.369698, -0.365591, -0.885890

-0.001902, 0.584166, 0.814037, 0.386166, -0.316153, -0.903329

0.004469, 0.332233, 0.791490, 0.386166, -0.316153, -0.903329

-0.183532, 0.451442, 0.962834, 0.386166, -0.316153, -0.903329

-0.206667, 0.658338, 1.049028, 0.385852, -0.267017, -0.913787

-0.029350, 0.548650, 0.997628, 0.385852, -0.267017, -0.913787

0.030350, 0.512286, 0.841289, 0.402487, -0.249644, -0.940594

0.152265, 0.556165, 0.771081, 0.402487, -0.249644, -0.940594

0.154656, 0.408560, 0.818437, 0.402487, -0.249644, -0.940594

0.057612, 0.440393, 0.874475, 0.344896, -0.218150, -0.941090

-0.066646, 0.485418, 0.879760, 0.344896, -0.218150, -0.941090

-0.130433, 0.373807, 0.922735, 0.344896, -0.218150, -0.941090

-0.014417, 0.413575, 0.888236, 0.353058, -0.192345, -0.977819

0.051420, 0.465489, 0.826715, 0.353058, -0.192345, -0.977819

0.022571, 0.421553, 0.868490, 0.353058, -0.192345, -0.977819

-0.051617, 0.470476, 0.872944, 0.344777, -0.201234, -0.949715

-0.047593, 0.504237, 0.898584, 0.344777, -0.201234, -0.949715

0.032470, 0.476351, 0.860321, 0.344727, -0.192834, -0.949828

0.104544, 0.495159, 0.857511, 0.344727, -0.192834, -0.949828

0.178625, 0.511970, 0.854718, 0.344727, -0.192834, -0.949828

0.229759, 0.476030, 0.852102, 0.311302, -0.226712, -0.959214

0.114534, 0.461383, 0.828946, 0.311302, -0.226712, -0.959214

-0.006787, 0.534320, 0.827160, 0.311302, -0.226712, -0.959214

-0.064720, 0.522289, 0.874626, 0.262381, -0.243999, -0.967443

-0.031717, 0.507387, 0.849027, 0.262381, -0.243999, -0.967443

0.046424, 0.521139, 0.863127, 0.262381, -0.243999, -0.967443

0.107459, 0.522105, 0.842509, 0.336581, -0.243086, -0.967361

0.171547, 0.471321, 0.808270, 0.336581, -0.243086, -0.967361

0.119639, 0.465222, 0.864656, 0.287822, -0.284289, -0.966870

0.062458, 0.537002, 0.875010, 0.287822, -0.284289, -0.966870

0.050406, 0.510231, 0.848315, 0.287822, -0.284289, -0.966870

0.065476, 0.493248, 0.854404, 0.296143, -0.267502, -0.958686

0.072399, 0.528137, 0.844338, 0.296143, -0.267502, -0.958686

0.109574, 0.453378, 0.840871, 0.296143, -0.267502, -0.958686

0.084546, 0.446450, 0.840815, 0.270943, -0.267812, -0.958714

0.058430, 0.512190, 0.853294, 0.270943, -0.267812, -0.958714

0.078510, 0.516066, 0.872194, 0.279137, -0.243542, -0.985624